"","PC1","PC2","PC3","PC4","PC5","PC6","PC7","PC8","PC9","PC10","PC11","PC12","PC13","PC14","PC15","PC16","PC17","PC18","PC19","PC20","PC21","PC22","PC23","PC24","PC25","PC26","PC27","PC28","PC29","PC30","PC31","PC32","PC33","PC34","PC35","PC36","PC37","PC38","PC39","PC40","PC41","PC42","PC43","PC44","PC45","PC46","PC47","PC48","PC49","PC50","PC51","PC52","PC53","PC54","PC55","PC56","PC57","PC58","PC59","PC60"
"Acetylcarnitine",0.016402,-0.05205,-0.010108,0.057203,0.0021036,-0.034833,0.029924,0.076415,0.091581,-0.02073,-0.0055339,0.014906,0.060192,-0.0033266,-0.052659,0.14384,-0.07504,-0.018129,0.012583,-0.14721,0.041936,0.039466,0.024964,-0.04202,0.10424,-0.0070452,0.15155,0.078351,-0.082096,-0.071094,0.05111,-0.056577,-0.064496,0.053107,-0.099856,-0.17734,0.22333,-0.21469,-0.062281,0.11335,-0.10261,-0.14779,0.10551,0.025694,-0.015014,-0.067239,-0.075426,0.10729,0.089423,-0.070053,0.17687,0.11293,-0.15683,-0.025412,-0.016029,-0.019553,-0.021926,-0.1442,-0.052843,-0.10851
"Aconitic acid",0.00018593,0.020712,0.038588,0.035386,0.049383,-0.0057787,0.003098,-0.033512,-0.037134,-0.00014189,0.011637,-0.0059696,0.057455,0.029079,0.03059,-0.010716,0.049459,0.006976,-0.017037,0.0086496,-0.0053456,-0.029471,0.017518,0.012418,0.029147,0.01752,-0.0083355,-0.033856,-0.038597,0.045886,-0.0054622,-0.051696,0.057225,0.10875,-0.0011259,0.0025303,0.042001,-0.10255,0.0066967,0.03051,-0.099937,0.021925,0.046645,-0.00024162,-0.076247,-0.070354,-0.040037,0.10484,-0.0093072,0.05695,0.025121,-0.00060301,-0.012401,0.067044,-0.10546,0.12214,-0.010266,-0.041948,0.0061702,0.027058
"Adenine",0.035666,0.0097389,0.10203,-0.07198,-0.037965,-0.058083,0.13649,-0.049056,-0.083096,0.085416,-0.039398,-0.11028,0.11788,-0.13109,0.011786,-0.011966,0.10066,0.060417,-0.064495,0.042563,-0.066247,-0.058762,-0.078368,-0.092318,-0.1342,-0.23744,0.092338,-0.052422,-0.027717,0.20114,0.29054,0.089182,0.012661,-0.024682,0.036069,-0.039632,0.024724,0.018327,-0.21619,0.042882,0.17754,-0.16623,-0.22009,-0.076544,-0.023861,0.15801,-0.084687,0.078339,-0.066068,0.11839,0.042304,0.10218,0.068916,0.042731,-0.092523,-0.14379,-0.033516,-0.036206,-0.029685,0.10023
"Adenosine cyclic monophosphate",0.01264,-0.016558,0.0049241,0.040037,0.021431,-0.0087536,-0.05408,-0.00096415,-0.045699,0.068004,0.003863,0.043347,0.087808,-0.067028,0.083304,0.13457,-0.054384,-0.17913,-0.0061092,-0.10648,-0.047288,0.12311,0.080123,-0.014713,0.072336,0.24208,-0.1076,0.27144,0.11784,0.10349,0.1669,0.076407,0.052368,-0.010487,-0.0044562,0.18426,0.041153,0.015109,-0.087683,0.030098,-0.061072,-0.098936,0.12738,-0.031286,-0.059592,-0.10921,0.064986,-0.18244,0.020263,0.14388,0.054682,-0.0030048,-0.020457,-0.064729,0.17336,0.01713,0.032791,-0.019727,-0.08184,-0.0033619
"Adenosine monophosphate",-0.031181,0.045516,-0.18645,-0.0018859,-0.095924,0.01034,-0.056505,0.017361,-0.10658,-0.057806,-0.088415,0.028335,-0.033712,0.07013,0.070125,0.039108,0.055469,0.017877,-0.045042,-0.042668,0.035473,-0.029222,-0.076768,0.05215,-0.033207,0.092503,-0.0011599,0.082205,0.098557,-0.074912,0.039047,-0.099574,0.013969,-0.10348,0.12379,-0.035314,-0.11878,0.047216,0.12583,-0.1655,0.2492,-0.14256,-0.11809,-0.097804,0.12748,-0.0056223,-0.043866,-0.0044911,0.031781,-0.032394,-0.012966,-0.081082,-0.014977,0.20193,0.0075642,0.065857,0.18236,-0.029669,-0.086351,-0.14745
"Adenosine triphosphate",-0.011024,0.021813,-0.039691,0.055405,-0.0094191,0.077425,-0.030725,0.047609,-0.0071685,-0.023928,0.024709,0.064287,-0.018466,-0.018173,-0.012903,-0.00017318,0.062794,-0.021021,-0.17658,-0.0097983,0.0123,0.036414,0.086712,-0.0087271,0.0034977,0.018421,0.067277,-0.021787,0.050605,0.026965,0.0069792,0.0044136,-0.0090003,-0.042093,0.032515,0.0905,-0.15095,0.044385,0.024197,0.043249,0.018293,0.10498,0.0091808,-0.039348,0.088564,-0.0334,0.12378,0.21797,0.087145,-0.025926,-0.067182,-0.030603,0.054856,0.030266,0.1476,0.038148,-0.019416,-0.040648,0.035937,0.0044225
"Adipic acid",0.027089,-0.066207,0.065741,-0.081305,0.1003,0.13779,0.075448,-0.11207,0.054591,0.078336,-0.03919,-0.045476,-0.081268,-0.076477,-0.045527,0.14139,0.010401,-0.11103,-0.070376,0.03077,0.10473,-0.071024,0.011853,-0.049389,0.037263,-0.044425,0.034435,0.036633,-0.010226,0.056765,-0.0069955,-0.0045931,-0.045272,0.047477,0.085055,-0.032758,-0.070356,0.084475,0.022421,-0.10285,-0.044704,-0.076907,0.068456,0.15399,-0.0461,-0.10388,-0.056688,0.05725,-0.14289,0.024686,-0.022929,-0.010159,0.041502,-0.096823,-0.062139,0.1669,-0.15376,-0.092631,-0.074752,-0.072806
"AICAR",0.032471,-0.013072,0.058485,-0.04783,-6.261e-05,-0.043464,0.08916,-0.017246,-0.050972,0.12941,0.04062,-0.11321,0.018198,-0.0028481,-0.045519,0.026922,0.073089,-0.062428,0.14756,0.17427,0.04221,0.054854,-0.024552,0.094125,0.002168,0.063812,-0.050769,0.078444,0.10228,-0.14283,-0.23637,0.074723,-0.12725,-0.0049277,0.013287,-0.12805,-0.017585,-0.16341,0.06191,0.10241,0.1887,0.081568,-0.02398,0.061311,-0.042143,0.05815,0.01607,-0.028923,-0.0089374,0.081321,-0.089432,-0.029607,-0.034943,-0.0055305,-0.051444,-0.12574,-0.064615,-0.022938,-0.092904,0.15252
"Alanine",-0.0036279,-0.0075277,-0.025925,0.011548,-0.012083,-0.0024975,-0.022028,-0.01886,-0.026235,-0.019028,-0.0094222,0.0051474,0.013715,0.0064329,0.030206,0.015581,0.0008258,-0.029918,-5.5088e-05,0.022195,0.017749,-0.03757,-0.012909,-0.034013,0.0038129,0.030679,-0.036029,-0.016006,0.0097979,0.017111,0.067278,0.007607,0.02131,-0.041925,0.066634,0.034442,-0.038222,0.0089064,-0.0068182,0.024909,-0.0011774,-0.073811,-0.0026508,0.0036527,-0.069642,0.024589,0.009195,0.0091852,-0.076751,0.070208,-0.074981,0.063271,-0.026352,0.14382,-0.024289,0.095147,0.10745,-0.015087,0.031965,0.12712
"Allantoin",-0.026119,0.040253,-0.011947,0.018274,-0.043102,0.026895,-0.043522,0.035346,-0.04472,0.028077,-0.0091817,-0.05564,-0.047795,-0.03971,-0.015377,0.066569,0.013089,0.015782,-0.0059089,0.035717,-0.050693,-0.0099899,0.01132,0.010773,0.019557,-0.0053693,0.034435,-0.06248,0.041519,0.020913,0.036641,0.029186,0.035574,0.060597,-0.0055693,-0.057578,0.034075,0.10034,0.045304,0.076806,0.084561,0.079488,-0.0038356,-0.13285,-0.0956,-0.039096,0.085184,0.011897,0.039331,0.1488,-0.012519,-0.20917,-0.06191,-0.0084777,0.13349,-0.10417,-0.068019,0.10759,0.033475,0.14809
"alpha-Ketoglutaric acid",0.10815,-0.19536,0.067078,0.037104,-0.0060452,0.080477,0.073899,-0.026035,0.013755,-0.029136,-0.060134,-0.034545,-0.016972,-0.03952,-0.051217,0.098554,0.11472,0.089612,0.019133,-0.071747,0.12163,-0.0056796,0.024976,-0.10458,0.001143,-0.033436,0.12361,0.052387,0.049668,-0.058144,0.027081,-0.057327,0.072838,0.11368,0.11284,-0.011267,-0.04531,-0.092798,0.057253,-0.082182,-0.042147,-0.069438,-0.033134,0.18671,0.14004,0.099623,-0.070485,-0.012276,0.091763,0.039519,0.056578,0.034188,-0.077258,0.15796,0.11086,-0.010932,0.03074,0.074579,0.05391,-0.0050048
"Aminoadipic acid",-0.011687,0.02885,0.009745,-0.015586,0.06016,0.0088276,-0.10896,-0.041564,0.053819,-0.0051219,0.051417,0.050522,-0.082914,-0.043259,0.036408,0.068245,-0.034182,-0.071667,-0.041586,-0.1211,0.08413,-0.052128,-0.013872,-0.18868,-0.0024473,-0.1143,-0.080984,0.017543,-0.005364,0.021647,0.099202,0.0010712,0.0043449,-0.03881,0.079614,0.048817,0.17999,0.036159,-0.020322,-0.029432,-0.078318,0.064427,0.048547,0.0018568,0.031366,-0.099178,0.066424,0.030221,-0.13777,-0.045452,-0.022306,-0.01078,0.06635,0.033356,-0.12022,-0.042703,-0.0068285,0.20485,0.22612,-0.0020091
"Anthranillic acid",-0.06808,0.19625,0.019884,0.077064,0.078953,-0.10006,-0.019519,0.078068,0.029618,-0.041333,-0.096632,-0.025094,-0.014936,-0.017939,0.0082951,-0.054932,-0.0066625,0.18137,0.023795,-0.07741,-0.14201,-0.14773,-0.15945,-0.10775,-0.22965,-0.0058171,-0.14375,0.15023,0.020344,0.048547,0.025161,0.00077227,-0.0015641,-0.0034024,-0.053606,-0.22368,-0.064787,-0.026033,-0.2602,0.0047189,-0.0043689,0.014259,-0.0097431,-0.074188,0.082634,-0.044349,-0.08591,0.0063481,0.083246,-0.1381,0.10345,0.035315,0.020624,-0.0013925,0.14426,-0.039307,-0.13853,0.11158,-0.14145,-0.062597
"Arabitol",0.030687,0.010214,0.080382,0.026224,-0.048536,-0.0042979,0.089348,0.028877,0.012195,0.036619,-0.015891,-0.01107,0.020146,-0.0099639,-0.048808,-0.04955,0.10785,-0.0035018,0.028479,0.064995,0.0078086,0.11045,0.0063751,-0.0206,0.091922,-0.041088,0.067305,0.014152,0.010393,0.012876,-0.041799,-0.026427,-0.066861,-0.04163,0.097159,0.072611,0.00038222,0.028967,-0.082905,-0.079915,0.021962,0.095646,0.11758,0.048075,0.069994,0.15606,-0.071669,0.030091,-0.15179,-0.042816,0.021517,0.039977,-0.20275,-0.15858,0.11484,0.13751,-0.01001,0.050814,0.017019,-0.0017833
"Arginine",0.063854,0.079348,0.098954,-0.055255,0.15575,0.036076,0.10137,0.026716,0.16221,-0.11488,-0.12541,-0.039257,-0.23739,0.096313,-0.036746,0.21555,-0.16339,-0.068774,-0.23121,-0.16299,-0.15895,0.29538,-0.12279,0.062932,-0.027216,-0.17692,-0.17385,0.068047,-0.032464,-0.1082,-0.084834,0.0082934,0.018187,-0.085455,-0.13734,-0.019632,-0.011542,0.013751,0.069156,0.10757,0.15744,-0.013576,-0.23371,0.15293,0.026581,-0.16199,-0.10434,0.089813,-0.097289,0.11459,0.067198,-0.063651,-0.0026409,0.03097,-0.13369,-0.040719,-0.0057211,-0.013778,0.013802,0.040377
"Argininosuccinic acid",0.018569,-0.0055423,0.027554,0.030765,0.020061,0.052296,0.0083309,-0.0017204,-0.0080003,0.014398,0.028131,-0.0045714,-0.0034186,0.045484,-0.087272,0.027692,0.011012,-0.016238,-0.012433,-0.035244,-0.13815,-0.057184,0.056298,0.0033103,0.045811,0.0032885,0.073818,0.039904,0.017721,0.033582,0.05155,0.082314,-0.068287,-0.16852,0.03506,-0.066045,0.053668,-0.0057528,-0.062185,-0.085808,-0.025047,0.047134,-0.0019776,0.046752,-0.10889,0.043072,0.22132,0.14006,-0.049403,-0.22908,0.20788,-0.19998,-0.034913,-0.025623,0.053986,-0.081176,0.066217,0.016698,-0.18882,0.10943
"Asparagine",-2.9441e-05,-0.018073,0.008365,0.030811,0.0069215,-0.020261,-0.022546,0.026138,-0.018478,0.0063881,-0.01466,0.038772,0.042697,0.0058279,-0.0048837,0.018921,-0.0073088,0.05801,-0.026232,0.012633,0.025142,-0.03506,0.039305,-0.047643,0.038952,0.018356,-0.063951,-0.03571,-0.070881,0.024257,0.023079,0.017025,-0.09197,-0.010727,-0.026112,-0.055652,-0.0013396,-0.030854,0.06605,-0.049013,0.070591,-0.00094241,0.14433,-0.063807,-0.095111,0.070826,-0.097865,-0.064498,0.054009,0.031649,-0.0488,-0.10881,0.10442,0.032976,-0.072744,-0.055763,-0.083575,0.073551,0.1045,-0.034299
"Aspartic Acid",-0.049201,0.15833,0.048625,0.029498,-0.010793,-0.013189,0.0049594,0.029773,-0.056805,-0.023958,-0.027691,0.0094429,-0.076192,0.025007,0.0084446,-0.042176,-0.018396,0.053983,0.0056871,0.011581,0.011032,-0.011615,0.0005743,0.066825,0.056056,0.012355,-0.022974,0.011414,0.079063,-0.092024,0.059595,-0.086748,0.073247,0.090116,0.027207,0.10164,-0.0459,-0.072496,-0.056447,0.048855,0.060377,0.063877,0.047959,-0.02634,0.12155,0.064934,0.033351,-0.04702,-0.030603,0.027646,0.065198,-0.0052447,-0.028635,-0.067996,-0.19347,-0.018846,0.018525,-0.099117,0.024009,-0.11327
"Butyrylcarnitine",-0.0056025,0.039065,-0.060242,0.085419,-0.036216,0.093249,-0.0010296,-0.0013964,0.026997,-0.0016768,0.045683,-0.11495,0.058,0.01702,-0.079388,-0.055309,0.034329,-0.098761,-0.022861,-0.035098,0.023332,0.099224,0.024238,0.016891,0.017752,-0.05553,-0.062008,-0.043299,-0.032704,-0.0085265,0.019953,-0.012813,-0.022358,0.076854,-0.10907,0.053981,0.07317,0.034682,-0.17203,0.081165,-0.034506,-0.080404,-0.12593,0.069625,0.047453,0.016319,0.014799,-0.019431,0.062182,-0.031444,-0.020058,0.05572,-0.028313,-0.0054441,0.010277,0.01786,0.01905,0.052869,0.051402,-0.022717
"Carnitine",-0.001853,0.01349,0.0097311,0.025894,-0.013501,-0.0062749,0.017835,0.016707,-0.022876,-0.0034208,0.04282,-0.043189,-0.011176,-0.0011534,-0.018889,-0.0134,-0.021533,-0.018089,-0.027234,-0.024361,-0.016307,-0.0088516,0.021196,0.0082325,0.073876,-0.002016,0.1058,0.033165,-0.056854,0.0048813,0.032095,0.045937,0.0056625,0.057331,0.090285,-0.017713,-0.090136,-0.0044177,-0.039893,0.050381,-0.046469,-0.0093064,0.077167,0.050829,0.054168,0.096905,0.055469,0.049369,0.044548,0.04848,0.11353,-0.012534,0.00085542,0.11416,0.045,-0.0025014,0.060065,-0.025314,-0.056133,0.1689
"Cholic acid",-0.02063,0.029339,-0.00097007,0.035119,-0.007512,0.0091918,-0.025736,-0.0056603,0.017327,0.0020198,0.011121,0.0087931,0.048,-0.024702,-0.01005,0.032818,-0.0029457,-0.00020034,-0.042389,0.038649,-0.018538,-0.066712,-0.046049,-0.049685,-0.011099,0.012735,-0.035511,-0.0039702,-0.052217,-0.040958,-0.0099881,0.02428,-0.038813,-0.046863,-0.012285,0.02318,-0.061484,-0.0070587,0.095352,-0.026404,0.058364,0.022236,0.060373,0.12897,-0.030981,0.11352,0.0762,-0.015504,0.014565,-0.009418,0.099228,0.017826,0.07343,-0.041065,-0.12818,-0.12299,0.21333,-0.065589,0.099085,-0.0028235
"cis-Aconitic acid",-0.0081261,0.035244,0.064322,0.024933,0.048402,-0.086299,0.003967,-0.12944,-0.13903,0.054337,0.029564,-0.12733,0.11007,0.0128,0.024717,-0.13947,0.17608,0.056141,-0.010619,-0.022052,-0.067499,-0.060216,0.024912,0.07342,0.13322,-0.012219,-0.17816,-0.030413,-0.020024,0.10963,-0.046708,-0.059859,0.18114,0.17391,-0.024228,-0.2611,0.12206,-0.05731,0.020622,-0.050095,-0.13625,0.15577,0.0012739,0.058263,-0.068322,-0.2277,0.072894,0.11869,0.026654,0.12205,-0.0011317,-0.066995,-0.067695,0.12615,-0.047441,0.00055693,0.0237,-0.0077318,-0.047543,-0.030325
"Citramalic acid",-0.039654,0.13316,0.04719,0.0053521,0.0044158,0.0091527,-0.020597,-0.056401,0.015695,0.063468,-0.0048126,0.02829,0.0082171,-0.032737,0.054499,0.0022596,0.00092468,-0.023472,-0.084342,0.067577,-0.079888,-0.10163,-0.030826,-0.035013,-0.00098186,0.0047287,-0.0073931,-0.09368,-0.045231,0.012839,-0.024934,0.069429,-0.087875,-0.094291,-0.051824,0.057532,-0.031759,-0.098069,0.072568,-0.093315,-0.042205,0.023715,0.064096,0.037531,-1.7452e-05,-0.0443,-0.066851,-0.03035,0.088962,0.13822,-0.014706,-0.050827,-0.059306,0.0072623,-0.12939,0.043135,-0.032509,0.090752,0.047787,-0.13768
"Citric acid+Isocitric acid",0.00088782,0.01491,0.024144,0.022172,0.021423,-0.0042945,-0.0098362,-0.020349,-0.016152,0.0058845,0.035053,-0.037707,0.089138,-0.003703,-0.0048187,-0.0020124,0.07025,0.056485,-0.026507,-0.0073665,-0.017004,-0.015756,0.012462,0.019803,0.10118,-0.01511,-0.047625,-0.023532,0.069379,0.034181,-0.036414,0.00492,0.076603,0.0065866,-0.015145,-0.0019292,0.0039393,-0.057494,0.038769,-0.071431,-0.014852,0.031266,-0.038755,-0.029331,-0.016463,-0.063554,-0.15228,0.046971,0.063103,0.027412,-0.02937,0.072194,-0.029738,0.024313,0.071281,-0.031796,0.054776,-0.11156,-0.021728,-0.011386
"Citrulline",-0.003485,0.017406,0.04504,-0.042567,-0.013399,-0.015117,0.056738,-0.012996,-0.0087594,-0.028505,-0.024681,0.075509,0.03591,0.011182,0.10334,0.026517,0.057249,0.023751,0.091069,0.0033783,-0.10414,-0.093377,-0.01592,0.038825,0.019863,0.0095313,0.074566,0.048423,-0.036492,-0.032764,-0.050105,0.069439,0.02914,-0.017648,0.053368,-0.032143,-0.097668,-0.029346,-0.096781,0.046944,-0.054533,0.29092,-0.043322,-0.089027,0.19391,-0.14156,-0.038072,-0.05333,-0.15806,-0.0046699,0.1544,0.027945,0.096695,0.014771,-0.10537,0.099456,-0.00041989,-0.078603,-0.090364,-0.0066998
"Creatine",-0.0033735,0.034257,-0.081388,-0.01284,0.008053,-0.01698,-0.12481,0.027848,0.23274,0.063268,0.094813,-0.12457,-0.18597,0.0043157,0.056847,-0.17968,0.15249,0.15584,-0.074735,0.018119,0.016583,0.10381,0.1685,-0.013042,-0.065091,0.20584,0.18836,0.14698,-0.16926,0.20857,-0.031174,0.067548,0.079811,-0.036573,0.095245,0.064998,-0.043965,-0.097055,-0.070491,0.063783,0.13002,-0.081723,0.008044,-0.047299,-0.044722,-0.056905,0.032448,0.096867,-0.010843,0.042883,-0.045838,0.096516,0.078858,0.015065,-0.047929,-0.0093902,0.062555,0.034536,-0.021546,-0.091664
"Creatine phosphate",0.012032,-0.025178,0.1206,0.0019085,0.059928,0.068461,-0.13658,0.0065705,0.26586,0.057922,0.050767,-0.011756,-0.005005,0.25683,-0.13605,-0.025753,-0.064589,0.297,-0.03503,0.24654,0.23413,0.069242,0.016208,0.14072,-0.062913,0.016943,-0.0090622,-0.024135,0.12413,0.011033,0.10192,0.011287,-0.003007,0.06713,0.16947,-0.27012,-0.0053868,-0.0024209,0.011412,-0.040664,0.12881,0.089077,-0.073004,0.11469,0.011445,-0.10215,-0.0038974,-0.12857,-0.0032241,-0.069849,0.0086237,0.061413,0.032188,0.0009144,0.024244,0.049344,0.032472,-0.058173,0.04799,0.050909
"Creatinine",0.0048353,-0.0042171,0.0034277,-0.0083927,-0.016751,-0.019888,0.020584,-0.0033184,-0.012294,0.050462,0.040318,-0.0058034,0.014414,-0.046776,0.032721,0.013749,0.034106,0.0089029,0.013853,-0.0074806,-0.016736,-0.035468,-0.035749,-0.0043035,0.0098159,0.050942,0.031501,-0.01633,0.00046169,0.010201,0.034341,0.035129,-0.018411,-0.10051,-0.024575,-0.036499,0.051275,0.003537,0.03029,-0.077417,0.089476,0.062194,0.032989,-0.061321,0.060335,-0.010266,0.10255,-0.045836,-0.014338,-0.020804,-0.040468,-0.096159,-0.0010554,0.029712,0.059155,-0.027955,-0.16531,-0.17589,-0.16924,-0.067744
"Cystine",0.0014518,-0.15896,0.009481,-0.022267,-0.10765,0.090577,0.064846,-0.074432,-0.0039571,-0.063214,0.10891,0.13889,-0.21436,0.29865,0.33923,0.092271,-0.14599,-0.16577,0.26026,0.24321,0.079979,0.12126,0.0071288,-0.11106,-0.13883,-0.058113,0.065108,-0.057645,-0.11242,0.039309,0.014727,-0.1108,0.20153,0.049524,-0.20676,-0.055945,0.0025936,-0.019135,-0.046374,-0.068871,0.042238,0.055526,0.036706,-0.057876,-0.075132,0.00052836,0.063166,0.060035,0.023052,-0.039892,-0.027344,0.095968,-0.02241,0.0048752,0.052191,-0.033095,-0.052375,0.026872,-0.13829,-0.024435
"Cytidine",-0.056081,0.096209,0.19687,-0.17964,-0.090902,-0.15167,-0.089544,0.092051,0.12891,-0.16683,-0.19673,-0.14083,0.20819,0.34682,-0.21102,0.034019,0.19688,-0.29519,0.13153,0.0014339,-0.047674,0.096141,0.24963,-0.084701,0.057061,-0.056831,0.024244,-0.0044681,-0.20775,-0.091424,0.020424,0.20081,0.034615,0.024201,0.10934,-0.043865,0.039799,0.099539,0.09822,-0.12599,-0.0048432,-0.060681,0.023055,-0.14426,0.10561,0.081411,-0.079909,0.023395,-0.032789,0.03577,-0.032661,0.0086579,0.067139,0.018423,0.043135,-0.097378,-0.027585,0.0011997,0.018923,-0.049486
"Deoxyadenosine",0.031535,0.0053654,0.10753,0.019381,0.13476,0.12371,0.0041178,-0.14402,0.081049,-0.13089,-0.018896,-0.024606,-0.024594,-0.12525,0.12621,0.064794,0.12153,0.040981,-0.13689,0.025223,0.1426,0.047358,0.040275,0.079691,-0.10892,0.11883,-0.023223,0.047282,-0.012278,-0.20297,0.13092,0.11939,-0.071192,-0.043102,-0.096206,-0.1113,0.20125,0.16971,-0.081295,-0.24764,-0.032944,-0.0047202,-0.011041,0.015779,0.17745,0.068296,0.11802,-0.17386,0.028106,0.012582,-0.0027287,-0.020378,0.072096,-0.0060817,-0.062806,0.034643,-0.018318,0.061552,-0.072264,0.029247
"Deoxyadenosine monophosphate",0.021635,0.049969,-0.025927,0.018986,0.012785,0.0077613,0.070336,0.05859,0.023591,-0.0011228,-0.088439,0.018586,0.034403,-0.12139,0.05537,0.039545,0.013929,-0.0223,-0.035575,-0.026174,-0.025228,0.089591,-0.051994,-0.0034687,0.34371,0.21976,0.11764,-0.19816,-0.23027,-0.037445,-0.10699,-0.18427,0.18589,0.050029,0.062187,-0.12958,0.06498,-0.085357,-0.17746,-0.070237,0.081758,0.0046646,-0.16593,0.029669,-0.10419,0.0028092,0.066511,-0.20989,-0.12256,0.037321,-0.0027824,-0.057652,0.08542,-0.0026372,0.016501,0.0033476,-0.086585,0.093369,0.1008,-0.054027
"Deoxyadenosine triphosphate",0.010632,0.049174,-0.038521,0.0052106,0.023184,-0.086046,0.061732,0.029204,-0.028845,-0.099787,0.19024,-0.030158,0.12547,0.18806,0.002571,-0.20038,-0.074958,0.10698,-0.096189,-0.27745,0.16686,0.06932,0.15468,-0.23964,-0.11824,0.024502,0.20652,-0.14997,0.16491,-0.052003,-0.08459,-0.035716,-0.1875,-0.12991,-0.027714,0.021942,-0.088114,-0.011257,-0.0041805,0.052456,-0.11756,0.065802,-0.2368,-0.084525,-0.06312,-0.044581,0.11463,-0.15743,-0.13418,0.1251,-0.078168,0.044881,-0.079121,-0.094006,-0.055417,-0.076327,0.031435,-0.086239,-0.076151,0.0052797
"Deoxycholic acid",-0.0019226,0.023569,-0.015152,0.045533,-0.0092842,0.013513,-0.030806,-0.010672,-0.00292,0.012298,0.019914,0.018316,0.01035,-0.052586,-0.015111,-0.010211,0.031124,-0.021497,-0.028669,0.065781,-0.017964,-0.022646,-0.042747,-0.074111,-0.018121,-0.018527,-0.0024561,-0.042588,0.002488,-0.025051,0.029904,0.0060463,-0.011148,-0.034668,-0.033325,0.065692,-0.085673,0.062646,-0.087951,-0.047133,-0.015716,-0.045515,0.0029289,0.057601,-0.037855,0.075163,-0.0078235,-0.060537,0.0061541,0.014595,-0.017175,0.10998,0.15859,0.022958,-0.0049162,-0.074533,0.03668,0.096051,-0.038335,0.045121
"Deoxyinosine",-0.0082543,0.0067677,-0.017265,-0.018151,0.07327,-0.0040824,0.027878,-0.013173,0.035318,-0.032446,-0.019539,0.044955,0.025241,-0.015114,0.042413,0.036627,0.0080698,-0.016355,-0.042087,-0.019853,-0.0053239,-0.0091993,0.012448,-0.012934,0.042458,0.043586,-0.00056353,0.047572,0.038091,0.07611,-0.10484,-0.037849,-0.10559,0.0072025,-0.012408,0.099704,-0.0050083,-0.037883,-0.041964,-0.0091249,0.16101,0.0039564,0.023464,0.073432,0.020889,0.0076264,-0.022789,0.056581,0.060822,0.01379,-0.13454,0.028878,0.079212,-0.048818,-0.12183,0.064102,-0.046922,-0.059983,-0.05931,0.010882
"Deoxyribose",0.0057914,-0.024738,0.099529,0.050455,-0.068788,-0.092561,0.085027,0.093692,-0.040687,-0.038331,-0.24671,-0.0083805,0.10636,0.048745,0.21015,0.056582,-0.039052,0.062937,-0.061481,0.15027,-0.11461,-0.077699,0.19676,-0.077282,-0.18826,-0.007448,-0.10509,0.16604,0.12115,0.23131,-0.2265,-0.045597,0.19888,-0.018478,0.10112,-0.092913,-0.011097,0.05314,0.14923,0.012692,-0.14737,-0.1724,-0.14715,-0.041012,-0.053128,-0.0085448,0.12753,-0.11369,0.077782,-0.13894,0.10606,0.067533,0.059071,-0.093931,-0.03175,0.069049,-0.016618,0.030808,0.16232,-0.0022361
"Deoxyribose phosphate",-0.025316,0.072886,-0.11022,0.0020753,-0.035357,0.020061,-0.012775,-0.056113,-0.077966,0.065905,0.07444,-0.14899,0.056754,-0.062537,0.0030825,-0.039535,0.082884,0.06906,-0.00088552,0.043587,-0.11016,0.023652,0.10499,0.11525,0.056955,0.0038541,-0.044709,0.036323,0.054802,-0.061533,-0.029462,0.18584,0.069129,0.079704,-0.069382,0.051877,-0.12253,-0.031835,0.11374,0.014753,0.039224,-0.00096235,-0.096893,-0.0010758,0.066543,-0.070334,-0.01802,0.059031,-0.15848,-0.027343,-0.030505,-0.042901,0.05366,-0.22599,0.065412,0.079717,-0.029252,-0.082611,-0.00063569,0.021939
"Deoxyuridine",-0.0051758,0.029273,0.06911,0.00094816,0.088528,0.02579,0.034509,-0.035084,0.057354,0.022543,0.00137,0.018751,0.030199,0.032107,-0.029372,-0.04131,-0.041792,-0.040843,-0.039125,-0.011782,-0.0055041,-0.020733,0.084893,0.031842,0.097511,0.077907,-0.030871,-0.0038692,-0.093359,0.04672,0.019569,-0.027158,-0.028209,0.054735,-0.029022,0.0056361,-0.064295,0.090726,-0.087906,0.032671,0.083451,-0.048142,0.0097177,0.074491,-0.12973,-0.065386,0.044638,0.029138,0.19443,-0.03241,0.002993,-0.14107,0.080252,0.13688,0.036312,-0.10126,-0.065202,-0.19103,0.098389,-0.091875
"Dihydroorotic acid",0.023688,-0.054597,0.0093893,0.0020535,0.073737,-0.046266,0.0078805,0.06098,0.0010895,0.0072578,0.077793,-0.05792,-0.019283,-0.08289,-0.020455,0.018152,0.0013559,0.20196,0.10977,0.019187,-0.0080705,-0.012959,0.14426,-0.079001,0.16632,-0.14564,-0.20014,0.064901,-0.24159,0.10479,-0.020101,-0.045042,-0.061149,0.18759,-0.099686,0.11642,-0.018821,0.36255,0.046377,0.089647,0.12339,0.058373,0.0065434,-0.047944,0.092759,0.043369,0.14121,-0.091598,-0.051916,0.12125,-0.040153,0.13378,-0.1183,0.047246,-0.054582,0.019998,0.096989,0.14289,-0.064463,-0.098345
"Dihydroxyacetone phosphate",0.015518,-0.15077,-0.23877,-0.01782,-0.20614,0.043404,0.036439,-0.11503,-0.23423,0.075783,-0.25882,0.13309,0.13938,0.21933,-0.21502,0.075084,-0.26487,0.25449,-0.17946,0.012598,-0.21203,0.10058,-0.043786,0.06982,-0.029981,0.081174,0.12378,-0.036686,-0.18005,0.0087979,-0.045882,0.041558,0.011479,0.049222,-0.062549,-0.0026267,0.048553,0.097698,0.025854,0.029944,-0.053136,0.0049492,0.043753,0.060406,0.098508,0.060694,0.047414,-0.039418,0.06333,0.12186,-0.074509,0.003308,0.012614,-0.021957,-0.13318,-0.0061734,-0.095784,0.047049,-0.17144,0.051928
"Dihydroxyisovalerate",0.042323,-0.043664,0.078445,-0.021199,-0.32057,-0.22568,0.33652,0.13633,0.023117,0.18064,0.096131,0.037798,-0.43294,-0.010948,-0.13617,-0.24118,0.046186,0.0051373,-0.031378,-0.042551,-0.05501,0.018674,-0.049291,-0.16895,-0.035987,0.036684,-0.18977,0.036524,-0.07227,-0.063767,0.083902,0.07471,-0.047265,0.076021,-0.068014,-0.011843,-0.011748,0.026722,0.078131,-0.17146,-0.070673,-0.089819,-0.016586,0.075663,0.033705,-0.061002,0.11418,-0.041669,0.0021616,-0.086076,-0.059698,-0.0094659,0.0081046,0.021815,-0.02892,-0.0099164,-0.046272,-0.14477,0.0017557,-1.4907e-05
"Dimethyl Succinic acid",0.068171,-0.12285,0.035669,0.010411,0.013449,0.080814,0.073261,-0.017775,0.0055906,-0.015664,-0.021526,-0.037902,0.0067132,-0.011459,-0.039866,0.089818,0.043327,0.051636,0.01118,-0.093242,0.084701,-0.055441,0.038677,-0.084964,0.0398,-0.031711,0.10428,0.044194,0.062465,0.025038,0.014669,-0.066885,0.036247,0.16444,0.10317,0.089454,-0.017074,-0.063728,0.050921,-0.052326,0.027623,-0.037309,-0.031861,0.11389,0.049891,-0.087457,0.0037546,0.081756,0.046935,-0.018405,-0.024607,-0.016722,-0.07527,-0.049827,-0.0092156,-0.073068,0.0040014,-0.014312,-0.2539,-0.01128
"Epicatechin",-0.011064,0.087314,-0.077195,0.03009,0.13491,-0.063363,-0.066516,-0.10511,-0.025085,-0.049244,0.075588,0.25365,-0.0053132,-0.28528,-0.41367,0.097518,-0.10079,-0.089802,0.27789,0.091173,-0.075412,0.11062,-0.040671,-0.10319,-0.13717,0.14545,0.089615,-0.05681,-0.044057,0.040558,0.024343,0.073508,0.1197,-0.0019726,0.038945,-0.063047,-0.15395,0.010279,-0.072192,-0.14503,0.0058696,-0.049668,-0.16867,-0.072003,-0.013822,-0.10218,0.020137,-0.031816,0.026511,0.0019425,-0.004989,0.1983,-0.075033,-0.10184,-0.075985,-0.016012,0.034756,0.016885,0.053274,-0.006048
"Erythro-dihydrosphingosine",-0.012888,0.052809,0.01897,0.015946,-0.033669,-0.021315,-0.0051535,0.0053575,-0.033886,0.068793,0.052599,-0.0029123,0.089022,-0.014405,-0.0012819,-0.016575,0.014249,-0.00092531,0.05146,0.075815,0.0034771,-0.056194,-0.097651,-0.028889,-0.010565,0.035578,0.064904,0.047611,0.036998,-0.010879,0.0062064,0.04478,-0.031633,-0.057025,-0.090329,-0.0090884,0.018226,0.043428,0.086001,-0.049191,0.10435,-0.0086476,0.077405,0.083157,-0.0098973,-0.10681,0.0088087,-0.10621,0.042313,0.043427,-0.0059526,-0.034897,-0.17144,0.05279,0.071367,-0.13308,-0.10378,0.03438,0.043755,0.10893
"Folic Acid",0.0060329,-0.006051,-0.032155,0.02082,-0.017934,0.041028,-0.0023065,-0.032356,0.022031,-0.041093,0.079106,-0.073583,-0.010731,0.07587,0.028239,0.079397,0.025938,-0.04933,0.13991,-0.23213,0.01254,0.024502,0.016913,0.15987,-0.18767,0.030982,-0.086238,-0.060514,-0.057577,0.12731,0.048005,-0.15257,-0.015021,-0.0059865,-0.090215,-0.0029953,-0.26488,-0.12021,0.14676,0.025299,-0.11784,0.074261,0.087987,0.014894,0.24299,0.0022272,0.021841,0.071305,0.0095797,0.019928,-0.074075,0.018846,0.071963,-0.046771,0.12714,0.011118,-0.12205,0.064514,0.12724,0.018896
"Fructose 1,6-biphosphate",0.027989,0.014661,0.10699,-0.020323,0.027432,0.06697,0.071022,0.010501,-0.02364,0.013503,-0.0047428,0.023459,-0.018786,-0.06063,-0.018426,0.014205,0.11763,-0.019399,-0.10578,0.07019,-0.053644,0.20355,-0.14565,0.17859,-0.0049527,-0.088477,0.27398,0.16099,-0.017909,0.19286,-0.024518,-0.092623,-0.13462,0.096466,0.042546,0.064023,0.090034,0.10942,0.034147,0.034549,-0.20155,0.12074,-0.17577,-0.039642,0.023443,-0.024739,-0.070857,-0.046233,0.15468,-0.19368,-0.15854,-0.0028,0.041151,0.10702,0.10176,-0.086624,0.16027,-0.020583,0.020882,-0.031996
"Fumaric acid",-0.033016,0.0065296,0.044024,-0.13534,0.1159,0.071272,0.006952,-0.19691,0.10466,0.12268,-0.041929,0.013384,-0.035416,-0.0044625,0.006104,-0.0068937,-0.019615,-0.07905,-0.041271,0.058535,-0.19534,-0.065458,-0.1858,-0.032937,-0.14606,0.043296,0.080458,-0.10487,0.078088,0.12202,0.063966,0.041419,-0.072207,-0.079227,0.044668,-0.073123,0.2983,-0.016867,0.23325,0.1047,-0.0080959,0.07565,-0.047199,-0.02978,0.0078786,0.12698,0.20802,0.15454,-0.12879,0.12577,-0.0050535,0.1412,0.046781,-0.11629,0.14036,0.011209,-0.024282,-0.068524,0.13194,-0.14169
"Glutamic acid",-0.063232,0.19694,0.11503,-0.016374,0.041018,-0.015798,0.027855,0.019055,-0.02257,-0.017505,-0.032087,0.039311,-0.042856,0.013467,0.027011,-0.030285,-0.019636,0.086452,-0.022219,0.052791,0.069118,0.015551,0.063974,-0.080384,-0.040945,0.09093,0.20339,0.028476,0.0095844,-0.07417,0.038621,-0.12454,0.10437,0.076972,-0.030514,0.047172,0.042726,0.021778,-0.060166,0.011899,-0.041992,0.087229,-0.034036,-0.044311,0.01621,-0.019461,0.17431,-0.031479,0.12333,0.08596,-0.088712,-0.056762,-0.031723,-0.18432,-0.093756,0.10986,-0.14266,0.031542,0.00036546,0.027807
"Glutamine",0.053499,-0.29723,0.082613,-0.28304,0.28176,-0.28533,-0.094506,-0.022924,-0.14802,0.10308,-0.025406,0.16177,-0.059562,0.013523,0.01735,-0.14126,-0.019752,-0.062941,-0.12626,-0.017541,-0.063591,-0.086859,0.018083,0.1131,-0.090337,0.10156,-0.0048565,-0.038609,-0.034874,-0.2183,0.11,0.010332,0.10055,0.10883,0.082716,0.048273,-0.0050236,-0.073292,0.023086,-1.702e-05,-0.014731,0.059593,0.023533,-0.080817,0.024041,-0.021522,-0.081283,-0.0046508,-0.01378,-0.11671,0.055422,-0.032591,-0.029047,-0.0083415,-0.025791,-0.030889,0.023258,0.12534,0.020944,0.052753
"Glutathione oxidized",0.010854,-0.16387,-0.13126,0.066207,-0.070909,0.025396,-0.069578,0.067363,0.032844,0.0086044,0.034574,0.092122,0.020146,0.087718,-0.086191,0.053998,0.11529,-0.10961,0.094947,0.17141,-0.023875,-0.13626,0.038868,0.18287,0.063306,0.084694,-0.093406,-0.035262,-0.052902,0.091156,0.2564,-0.055291,-0.23312,0.093854,-0.11607,0.047291,-0.040389,0.020449,0.0027537,0.15406,-0.027982,0.00076391,-0.23496,0.0436,-0.099637,0.019162,0.038715,-0.07397,-0.21342,-0.10923,0.14003,-0.0079411,0.10692,-0.053898,-0.04818,0.070196,0.12796,-0.10337,-0.031562,-0.041671
"Glyceric acid",-0.0030186,-0.0060495,0.0086727,0.038437,-0.031472,-0.0015525,-0.026508,0.0058076,0.0059565,-0.050681,-0.0064176,0.050422,0.062838,-0.022504,-0.018702,0.050781,0.063538,-0.041484,-0.014109,-0.029766,0.026228,-0.066847,0.071907,-0.010159,-0.010138,0.033212,0.00064805,-0.0075447,0.015333,-0.014485,0.024663,0.0066332,-0.01882,-0.04025,0.001323,0.00078294,-0.080661,0.0092197,0.12634,0.020014,-0.0034438,-0.1113,-0.038381,-0.0040982,0.070229,0.0019663,-0.099309,-0.13696,-0.04481,-0.053372,-0.018607,0.040323,0.013177,-0.029941,-0.075214,-0.072522,-0.18571,-0.010079,-0.090268,0.046514
"Glycine",-0.0050191,-0.003169,-0.022376,-0.011296,-0.0031128,0.01881,0.017095,0.0095537,0.0008793,-0.002804,0.0019302,0.001005,0.0077384,-0.0045517,-0.016181,-0.0025194,0.011047,-0.026391,-0.011746,0.013218,-0.017731,0.01877,0.014378,0.020903,0.0167,0.010035,-0.028082,0.022035,-0.042199,0.013323,-0.043177,0.037933,-0.055152,0.015233,-0.025501,-0.01308,-0.073328,-0.032782,-0.020209,-0.11096,0.049086,-0.01125,0.021046,-0.0045943,-0.1209,-0.056504,0.048261,0.0085814,0.0083371,-0.016224,0.14892,-0.0092152,0.051784,-0.010856,0.086884,0.080315,-0.062968,0.0052469,-0.026744,0.23577
"Guanidobutyric acid",0.003058,0.059022,0.077503,0.12268,-0.0083296,0.03198,0.23929,0.039419,-0.070986,0.060685,-0.14886,0.035103,-0.098799,0.057435,-0.21003,-0.053116,-0.070657,-0.18209,-0.069897,-0.066201,0.037166,-0.086331,0.095163,0.073515,0.055978,-0.1525,-0.084326,-0.16964,0.18946,0.052628,0.052009,-0.18759,-0.0083721,-0.073446,0.27998,0.070179,0.035207,-0.13259,0.0041237,0.1244,0.13687,0.1266,0.11145,-0.089149,0.046971,0.026536,0.12475,-0.22294,0.072425,-0.045102,0.078367,0.13912,0.15109,0.032964,-0.021153,0.064628,0.00082482,0.070274,-0.075998,-0.044583
"Guanosine",-0.057956,-0.01077,-0.14794,-0.14255,0.15326,0.018595,0.084782,-0.018641,0.037204,0.0092351,-0.0040504,0.077813,0.030407,0.063952,0.057053,0.10626,0.049757,0.042024,0.034488,0.0023002,0.011601,-0.03058,0.022817,-0.064238,0.11907,0.021411,-0.026584,0.066937,0.12846,-0.0077985,-0.1539,-0.0056991,-0.18851,0.078283,0.085536,0.12731,0.095692,-0.014692,-0.068559,-0.031294,0.13795,-0.18253,-0.018205,-0.06621,0.038327,0.059084,0.097244,0.24336,-0.10597,-0.18835,-0.17747,0.1248,-0.058869,0.0072642,-0.024127,-0.020041,-0.14077,0.081636,-0.06525,0.031306
"Hexose",-0.00072255,-0.0017555,-0.0049827,-0.00076308,-0.0016254,0.0040246,-0.0027836,-0.003161,0.0021502,0.00027015,-0.010186,0.0068017,0.0036555,-0.019618,-0.020368,0.010772,-0.0025206,-0.0047962,0.010962,-0.0022649,0.033021,-0.0019837,0.032511,-0.0085349,-0.013939,0.0078502,-0.023528,-0.0053174,0.018947,-0.030765,-0.0052207,0.015724,0.0052544,0.017961,0.0050016,-0.030642,-0.032154,-0.018181,-8.8892e-06,-0.011676,0.035222,0.021264,-0.00011794,0.00033274,-0.0089791,0.028917,-0.029965,0.014656,0.0068978,0.012179,0.047354,0.021499,0.089294,-0.016035,0.045003,0.02665,0.0028223,0.016941,0.011432,-0.070951
"Hexose 1-phosphate",0.0021768,0.012347,0.013527,0.034185,0.0026799,0.054477,-0.018546,-0.0033306,-0.0041754,-0.0031723,-0.0072027,0.026027,-0.007455,-0.022145,0.01145,-0.0054605,-0.0093504,0.0049776,0.00037577,-0.028196,-0.0091952,0.02096,0.012964,0.015625,0.017068,0.011218,-0.0079327,-0.0052725,9.9816e-06,0.032775,0.0050651,0.027471,0.015387,-0.023501,0.0025427,0.044331,-0.039106,-0.057553,-0.078588,0.034482,0.095684,0.0067812,0.028644,-0.044885,0.058128,0.049461,-0.10296,-0.01068,-0.0073684,-0.019059,0.015462,-0.045029,-0.066777,0.041616,-0.052967,-0.054152,0.011351,0.077182,-0.0014746,-0.027335
"Hexose 6-phosphate",0.017129,-0.0011339,0.017559,0.048262,0.0099869,0.043741,0.0021384,-0.0027868,-0.0033423,-0.020908,0.029669,-0.014137,0.0035576,0.032365,0.0934,-0.029385,0.06532,-0.096721,0.028085,-0.033544,-0.060505,0.0053527,-0.038369,0.03755,-0.028208,0.020409,0.039479,0.020371,-0.046443,0.10719,-0.063491,-0.043075,0.0045933,-0.00080406,0.018961,0.11828,0.015031,-0.0083594,-0.058021,0.073977,-0.038929,-0.017258,0.082865,0.0054446,0.17501,-0.21159,-0.037462,-0.062934,-0.10222,-0.093963,0.043243,0.0060024,-0.042508,-0.028978,-0.2989,-0.097064,-0.0064698,-0.13982,0.037929,0.098329
"Histidine",-0.0032487,-0.015358,-0.0094628,-0.0057691,-0.014674,-0.0074175,-0.0028463,0.0078989,-0.0035698,-0.034569,-0.0375,0.013254,-0.011201,0.022783,-0.0077255,-0.0035945,-0.020954,0.01194,0.015597,0.012547,-0.0084348,-0.016268,0.023729,0.0012124,-0.0071113,0.017286,-0.010337,0.067719,-0.035454,0.066843,-0.030482,-0.025432,-0.0035328,-0.048769,0.010304,-0.028285,0.040733,0.057758,0.0079923,-0.013588,-0.096729,-0.023532,-0.021554,0.060034,0.10153,0.034351,0.11455,0.15308,0.049985,-0.05536,-0.04277,-0.092287,0.02452,0.010853,-0.11495,0.0071601,0.17385,0.062451,0.14412,0.13349
"Homocitrate",-0.0033067,0.020985,0.010069,0.0091921,0.0061369,0.016069,-0.01063,-0.0017716,0.0022967,-0.00139,-0.0021451,0.0096906,-0.002641,0.0044058,-0.018067,0.025609,-0.010422,0.0032326,-0.010048,0.0032101,-0.0079831,-0.010727,0.022792,0.0010941,-0.0028111,0.023923,-0.011488,-0.016495,-0.0099852,0.0042489,-0.04049,0.062443,0.012045,-0.021574,-0.014647,0.056715,-0.0063168,0.019763,0.016944,0.01623,-0.027405,0.039207,-0.01099,0.060578,-0.042687,-0.015007,0.055981,-0.002351,0.026958,-0.10929,-0.03169,-0.018972,-0.022646,0.025007,-0.004029,-0.051296,0.0058419,-0.047245,-0.008673,-0.042694
"Homoserine",-0.0063326,-0.070618,-0.1494,-0.026809,0.1488,-0.046643,-0.17003,0.37263,0.22744,0.35842,-0.44098,-0.1514,0.0076101,-0.11067,-0.015799,0.071732,-0.094839,-0.028974,0.044875,-0.0028574,0.15646,0.02566,0.007522,-0.048305,-0.10961,-0.026417,-0.028481,0.02664,0.031866,-0.053663,0.049688,-0.09265,-0.0097628,-0.034624,-0.11582,0.073791,-0.093988,-0.0056657,-0.010997,-0.1043,-0.17695,0.11063,0.0086628,-0.081345,-0.087156,-0.022961,0.065026,0.023033,-0.009961,0.089556,-0.089262,0.027009,-0.062348,0.032581,-0.036044,0.0087388,0.045051,-0.083742,-0.096076,0.033647
"Hydroxy-glutamic acid",-0.0019916,0.054215,0.068739,0.058089,0.018175,0.0291,0.011514,-0.010002,0.0081998,-0.038567,-0.041063,0.045017,-0.022306,-0.054034,-0.03345,0.035176,-0.0023824,-0.012817,0.090601,0.024278,0.10912,0.019155,-0.041301,-0.0034218,-0.055453,0.1004,-0.037538,0.064491,-0.041879,0.054272,0.078851,-0.042781,0.074314,-0.017908,0.033464,0.017176,0.084081,0.075273,-0.054865,0.03575,0.070562,-0.0081168,0.088927,0.033756,0.065518,0.094055,-0.043477,0.038007,0.021701,0.017993,0.10228,-0.042097,-0.065687,0.012919,0.041293,0.17096,-0.029115,-0.13361,-0.050995,0.10947
"Hydroxy-indoleacetic acid",0.048664,-0.03937,0.099418,0.14128,0.017436,-0.10074,0.015878,0.034468,-0.056145,0.015408,-0.0019339,-0.075749,0.11289,-0.09521,0.059089,0.081589,0.085193,0.20461,0.0059895,0.012658,0.035135,0.24058,-0.14907,-0.011948,0.021015,0.15516,-0.075718,-0.21161,0.021581,-0.074504,0.037502,0.0062073,-0.010246,-0.11385,-0.045064,0.09771,-0.023731,0.12124,0.15785,-0.0097348,-0.015456,0.12951,0.10012,-0.13903,-0.056302,-0.038832,0.011021,0.23416,-0.047689,-0.1729,0.028429,0.18115,0.1098,0.1272,-0.093363,0.07384,-0.12175,0.049808,0.012359,0.008053
"Hydroxy-kynurenine",0.07663,-0.11668,0.0038661,0.048507,0.026524,0.037237,0.068725,0.076399,0.17185,0.074438,-0.062611,-0.16695,-0.066474,0.1845,0.10671,-0.10767,0.0087915,0.012524,0.17189,-0.018406,-0.13978,-0.067732,-0.16123,-0.064375,0.017996,0.20911,0.20816,-0.1529,0.27329,0.038409,0.082842,0.14259,-0.042871,0.10113,-0.10954,0.083387,0.025278,0.18907,-0.022343,0.093712,0.11181,-0.11143,0.04654,-0.0021517,0.017523,-0.047667,-0.18014,-0.052584,0.11041,0.056242,0.12801,-0.19078,0.093992,0.012292,-0.10267,0.11343,0.014301,0.21395,0.045267,-0.012832
"Hydroxy-proline",0.013574,0.033721,0.036277,0.025857,-0.0478,0.029006,0.046547,-0.0038752,-0.08507,-0.030372,-0.088568,-0.019007,0.055423,-0.036065,0.033126,0.0097021,-0.023467,-0.14101,0.065038,-0.015135,-0.011296,-0.027565,-0.025574,0.029989,-0.20932,0.034917,0.023941,-0.031671,-0.035295,0.062231,-0.014186,0.11661,0.066686,-0.038168,0.12084,0.080541,-0.011085,-0.047251,-0.072401,-0.0561,0.068783,0.21213,0.073781,0.25813,-0.11691,0.047759,-0.065138,0.09226,-0.092281,0.027348,-0.23996,-0.060291,0.054786,0.02854,-0.031196,0.10763,0.15938,0.051503,-0.11619,-0.0088074
"Hydroxyanthranilic acid",0.046644,-0.11204,-0.039394,0.074441,0.082189,0.092218,-0.055145,-0.35694,0.19547,-0.17382,-0.27452,-0.055254,-0.03002,-0.087883,0.080745,-0.3716,-0.12141,0.10981,0.30278,0.012029,-0.27444,-0.0061875,0.094118,-0.079425,0.083918,-0.13657,0.0025456,0.061399,-0.039831,-0.20826,0.084681,-0.067814,-0.1314,-0.076993,0.10268,0.017526,-0.0841,-0.090148,0.017657,0.020834,-0.082891,-0.063763,0.041325,0.098263,-0.046878,-0.050385,0.073386,-0.030691,-0.010372,-0.014124,-0.12984,-0.011351,-0.005189,0.036067,0.021634,-0.026518,-0.026522,-0.061182,-0.016513,0.025733
"Hydroxybenzoic acid",-0.029431,-0.046506,-0.044341,-0.098438,-0.1835,0.036504,-0.14364,0.11954,0.22339,-0.27302,0.058996,-0.045296,-0.049067,0.086092,0.046793,0.10565,0.11197,-0.010797,-0.084162,-0.096826,-0.19272,-0.117,-0.30891,0.049073,0.016157,0.14393,-0.21507,-0.16858,0.068683,-0.080642,-0.047725,0.11732,0.044712,0.1674,0.19941,0.014973,-0.02336,0.039268,-0.12583,0.055711,-0.10984,0.062348,0.033322,0.0067197,-0.10512,0.049168,0.13176,-0.079074,0.10126,0.011722,-0.15284,0.22846,-0.18964,-0.064514,0.019403,0.0092458,0.050156,-0.064785,-0.065966,0.027171
"Hydroxyglutaric acid",-0.023667,0.049976,0.035538,0.0080486,-0.021137,0.025913,0.062046,-0.032025,0.03186,0.042133,0.026004,0.020498,-0.030589,-0.027005,0.025695,-0.0064244,0.0066667,-0.036767,-0.082806,0.057713,-0.035513,0.022392,-0.065578,-0.038725,-0.00010867,0.028203,0.018605,-0.052842,-0.090861,-0.066907,0.0029768,0.035421,-0.12034,0.00017012,0.073631,-0.030107,-0.16173,-0.064904,0.026183,0.039651,-0.074242,-0.13174,0.14326,-0.0072239,0.0030972,0.10906,-0.024622,-0.033219,0.19299,0.13338,0.032375,0.0069801,-0.001465,0.031164,-0.012396,0.048096,0.01802,-0.027321,-0.059814,-0.025693
"Hydroxynicotinic acid",0.013874,-0.011932,0.041775,-0.14137,-0.17188,-0.054335,0.010879,-0.053845,0.14777,0.037218,0.14568,0.059189,0.16627,-0.0022893,-0.11248,-0.029493,-0.17867,0.02233,-0.037386,0.17779,-0.043676,0.035171,0.019509,0.010949,0.078236,0.026167,-0.11459,0.22149,0.29566,-0.07996,-0.14495,-0.12428,0.069602,-0.033538,-0.12367,0.057632,-0.013911,0.055557,-0.26983,-0.10873,-0.079972,0.048761,0.12415,0.10435,0.068297,0.049237,-0.024724,0.071139,-0.1519,0.069566,-0.012324,0.027807,0.24785,0.0432,0.040531,-0.18117,0.013121,0.113,0.035656,-0.143
"Hydroxyphenyl-pyruvic acid",0.081015,-0.1846,-0.11121,0.070146,0.030404,0.13865,-0.037379,-0.069118,-0.0022075,-0.0045021,0.066829,-0.098358,0.061464,0.016067,-0.0088529,-0.028376,0.064673,-0.046705,-0.070335,0.090345,0.00054488,0.29722,0.026967,-0.17646,0.12385,-0.096124,-0.14778,-0.10866,0.12337,-0.015752,0.071995,0.095271,0.049626,-0.0816,-0.06326,-0.057419,0.001512,-0.15113,0.0067383,-0.064788,-0.023847,0.12081,-0.047855,-0.19658,-0.021146,0.11567,0.060136,0.052997,0.16948,0.01851,0.17513,-0.065337,-0.030427,-0.05539,-0.11595,0.010431,0.036207,0.018861,-0.064562,-0.043856
"Hydroxyphenylacetic acid",-0.0067117,-0.051617,-0.06742,-0.017085,-0.042121,-0.13515,-0.18688,0.27561,0.026272,0.016061,0.15691,0.068791,0.0061183,-0.075943,0.062546,0.028103,0.063208,0.022841,0.062509,0.15444,-0.091817,0.13743,-0.091379,-0.13875,0.14316,-0.12092,-0.039654,0.01,-0.0038952,0.042941,-0.002972,-0.042007,0.075051,-0.24219,0.19025,-0.00012627,0.074507,-0.18863,0.044002,0.18084,0.03208,-0.10782,-0.03982,0.21566,0.18015,-0.030465,0.10924,0.015544,0.13997,0.15976,-0.053697,-0.11648,0.11383,-0.12858,0.04785,0.027709,-0.058922,0.037032,-0.0049391,0.10574
"Hypoxanthine",-0.07386,0.049479,-0.1721,-0.14565,0.087593,0.0027455,0.12233,0.015642,-0.019062,-0.10069,-0.021981,-0.069881,-0.012131,0.040484,-0.11355,-0.042964,-0.03169,0.073012,0.12542,0.16304,0.15999,-0.10838,-0.19972,0.088675,0.03607,-0.071084,0.10531,-0.076514,-0.10605,-0.12454,-0.21411,0.022953,0.071015,-0.064773,0.010376,0.21112,0.050205,-0.040402,0.097781,-0.033112,-0.028573,-0.14812,-0.046662,-0.11774,0.11167,-0.20439,0.10975,0.047136,0.07272,0.030786,0.19919,-0.00036956,0.050974,0.12282,0.17814,0.028055,0.13793,0.026036,0.059615,-0.093784
"Indoleacetic acid",0.00043621,0.01513,0.013497,0.0068804,-0.0097156,0.015013,-0.014666,-0.00054129,-0.0065871,0.00022405,-0.00097758,0.0056746,0.0050457,-0.0083115,-0.023727,0.013815,-0.0073033,-0.012556,-0.0039107,-0.0029405,-0.015787,0.01487,0.028738,0.0016462,-0.0043302,0.0069755,-0.0067732,-0.019537,-0.047001,-0.011539,-0.075362,0.07464,0.044839,-0.060827,-0.00085919,0.021162,0.019056,0.030044,0.0050533,0.0021927,-0.012629,0.063439,-0.025275,0.066688,-0.016495,0.029191,0.014963,0.019617,0.028978,-0.17014,-0.031267,-0.017363,-0.045558,-0.043351,0.016407,-0.03644,-0.013489,-0.077296,-0.005669,0.013824
"Inosine",-0.16088,0.1311,-0.39158,-0.4585,0.10912,0.014302,0.30826,-0.031643,0.021864,0.11049,0.035059,-0.069604,0.079531,0.03954,0.081421,0.034718,0.098193,0.040317,0.15801,-0.18088,0.048802,0.072883,-0.059809,-0.093859,0.085622,-0.0019595,-0.042182,0.066028,0.028552,0.094593,0.11785,-0.016247,0.059029,-0.020465,-0.0069274,-0.15964,-0.054714,0.027569,0.023075,0.016668,-0.068887,0.1292,0.048944,0.12338,-0.028055,0.12836,-0.02628,-0.12538,0.023565,-0.082183,0.092346,0.015109,0.023819,0.019829,-0.034548,0.02034,0.025466,0.059334,0.027385,0.023581
"Inosine monophosphate",-0.017585,-0.05738,-0.15576,2.5794e-05,-0.13971,-0.0046353,0.0040124,0.081105,-0.040444,-0.058446,-0.04179,-0.0016229,-0.048013,-0.10405,0.26603,-0.032818,0.040009,-0.143,-0.080491,0.007989,0.043026,-0.23767,0.050003,0.09362,0.089004,-0.23371,0.14597,0.15656,-0.074981,-0.21129,-0.030347,0.094112,-0.057087,-0.077351,-0.05234,-0.055819,0.010843,0.097131,-0.062456,-0.096423,0.15265,0.22177,-0.15074,-0.017816,-0.079284,-0.069943,-0.0065809,0.027535,0.17497,0.09436,0.047435,0.22757,0.0274,-0.089558,-0.0032712,0.033853,-0.05658,-0.020293,0.041188,0.033119
"Inosine triphosphate",-0.026612,0.04169,-0.076263,0.029646,-0.015136,0.072275,-0.039045,-0.046233,-0.013167,0.013812,0.021018,-0.116,-0.046191,-0.022017,-0.032482,0.010438,-0.0048828,-0.041177,-0.055361,0.013491,-0.042359,0.041743,0.031418,0.051653,0.0025566,-0.038088,0.049288,-0.0079287,0.073979,-0.0070462,0.017785,0.0458,0.11728,0.087953,-0.053041,0.00058732,-0.0014259,0.052159,-0.093418,0.049995,-0.033682,0.016948,0.010312,-0.079354,0.11948,-0.034939,0.043995,-0.052385,0.0021162,0.037811,-0.062214,0.046316,0.097646,0.11573,0.017941,-0.043218,-0.051368,-0.10299,-0.0015023,-0.076183
"Isoleucine",-0.00077155,0.00073906,-0.031428,0.03508,-0.010431,0.0017927,-0.028156,-0.021177,-0.040278,0.0038609,-0.029701,0.028936,-0.046114,0.041642,0.019475,-0.0031734,0.026167,0.0051313,0.06707,0.011362,0.019977,-0.077631,-0.0024525,0.0038032,0.050123,0.0055484,-0.031858,-0.047859,0.015181,-0.070504,0.0097763,-0.10821,0.070085,-0.016581,-0.10172,0.077606,0.112,0.042068,0.0033353,0.048719,0.047018,-0.01611,-0.073402,-0.10892,0.00075171,0.018746,0.04497,-0.050307,-0.077792,-0.075295,-0.13523,-0.12276,0.068359,-0.053978,0.027297,-0.11123,-0.0055655,-0.053009,0.11612,0.095015
"Isopentyl acetate",-0.034837,0.11523,0.13234,-0.03498,0.010062,-0.0019548,0.046584,-0.012969,0.072976,0.082649,-0.028449,0.076187,0.0041071,-0.093,0.12306,-0.0017013,-0.023503,-0.072123,-0.15225,0.073347,0.0047468,-0.050389,0.019841,-0.12042,0.10161,0.023639,0.076617,-0.25045,0.10822,-0.12026,-0.20608,0.015548,0.068548,0.0091832,-0.1287,-0.087143,-0.049788,0.091915,-0.018034,0.0061717,-0.090074,-0.23526,0.07946,-0.034265,-0.010708,0.093205,-0.032751,0.053219,-0.078998,-0.096749,0.056954,0.046809,-0.033173,-0.029888,0.032839,-0.012472,0.20761,-0.16308,-0.05878,0.038913
"Isopropylmalic acid",-0.019884,0.060258,-0.012361,0.048141,-0.1212,-0.1169,-0.017783,0.08632,0.075869,0.038217,-0.092184,0.15997,-0.062344,-0.058553,0.12875,0.004682,-0.07985,-0.12694,-0.016678,-0.0035008,-0.1599,0.017427,0.14043,0.10605,0.19594,0.087173,0.093938,-0.12883,0.12288,0.096351,0.14885,-0.13426,-0.15137,-0.0089747,-0.084886,-0.17944,-0.080012,-0.040308,0.038817,-0.17524,0.014083,0.0514,-0.14742,-0.0058515,0.15791,-0.075795,-0.089397,0.13666,-0.086137,0.066729,-0.076203,-0.014649,-0.13608,-0.0024658,0.10109,-0.032452,0.1193,0.14993,-0.0060777,-0.049291
"Kynurenic acid",0.024956,-0.0062997,0.015866,0.03174,0.023205,-0.054737,-0.031033,-0.017122,-0.019849,0.060905,0.031552,-0.0022955,0.062389,0.044632,0.025294,0.031045,-0.0087299,-0.016949,0.086655,-0.064835,-0.019462,-0.041683,-0.076038,0.012321,0.02772,-0.066051,-0.016945,0.034978,-0.083786,-0.016128,0.014682,-0.12208,0.0123,-0.086554,-0.029514,-0.10057,0.09832,0.033811,0.024397,-0.021231,0.0030956,-0.10138,0.040415,-0.01298,0.032374,0.079617,-0.090426,-0.11378,-0.020767,-0.0064256,-0.12909,-0.053576,0.031427,-0.032095,0.019253,0.19657,0.11325,-0.13022,0.089836,-0.042098
"Kynurenine",0.027656,-0.012825,0.016747,0.035414,-0.021303,-0.056154,-0.0099188,-0.02136,-0.0034524,0.087934,0.036497,-0.034231,0.10229,0.014904,-5.4023e-05,0.00065889,-0.0071591,0.023485,0.091208,-0.036016,-0.0037478,-0.020819,-0.10938,0.035586,0.030209,-0.0087803,0.0051922,0.073314,-0.032205,-0.020996,-0.068237,-0.054027,0.046237,-0.20392,-0.025188,-0.15756,0.056305,0.082164,0.075323,-0.013768,0.044544,-0.044891,-0.026589,-0.041828,-0.04629,-0.03091,-0.093423,-0.080557,-0.03987,-0.075373,-0.15373,-0.074522,-0.052765,-0.1086,-0.11849,0.14166,0.072247,-0.095916,-0.016042,0.047663
"Lactic acid",-0.002543,0.0072128,-0.021939,-0.0086412,-0.0030627,0.001612,0.0078,-0.0011626,-0.016352,-0.011286,-0.013606,-0.022984,-0.00097585,-0.0005073,0.027219,0.0041444,-0.010581,-0.0066484,0.012105,-0.024326,-0.010007,-0.026203,-0.020722,0.024321,0.015831,-0.0018763,0.01311,0.017631,0.039216,0.0011268,-0.02309,9.2427e-05,0.030592,-0.0063916,0.02451,-0.0008249,-0.081115,0.0042627,0.02323,0.020975,0.044441,-0.039526,-0.0011287,0.013626,0.018927,0.017098,-0.050285,0.0096957,-0.027455,-0.02149,0.018822,-0.011355,-0.057516,-0.070388,0.017865,0.011623,-0.047319,0.019,0.0082548,-0.29273
"Leucine",0.0014494,-0.0050109,-0.022617,0.016651,-0.015281,-0.026151,-0.0492,-0.022491,-0.02116,-0.0069366,0.043337,0.058008,-0.03211,-0.0015156,-0.0059499,0.02463,-0.0031731,-0.0067385,0.056371,-0.032952,0.026961,-0.027621,-0.029201,-0.047296,0.024278,-0.044257,-0.021173,-0.0030853,0.025034,0.0032364,0.031978,-0.043113,0.062449,-0.0065509,0.012061,0.010557,0.18943,-0.049273,0.022609,0.034068,-0.044657,-7.0211e-05,-0.029608,-0.091843,0.0047254,0.078847,-0.044713,-0.0021631,0.11342,-0.090103,-0.033049,-0.07553,-0.032914,-0.08769,-0.07462,-0.042489,0.10868,0.0084942,-0.18613,-0.18182
"Lipoamide",0.010627,0.0041534,0.019891,0.020873,-0.019709,0.020665,-0.0079437,-0.0038754,0.022951,0.010062,0.0013222,0.0049224,-0.0069312,-0.018121,-0.023934,0.01213,-0.0044302,-0.0094961,0.0060347,0.0016096,0.009649,0.016784,-0.0013027,-0.009275,-0.015724,0.035366,0.0083049,0.0032164,-0.0024114,-0.011074,-0.048409,0.019873,-0.031821,-0.012905,0.003428,-0.00072102,-0.041807,0.010768,0.031541,-0.00050612,0.061872,0.074252,-0.050294,0.0047057,0.049026,0.0037198,0.025151,-0.077424,0.077289,-0.065771,0.052022,-0.015092,0.041406,-0.016796,0.034239,0.054476,-0.10067,-0.0014419,-0.047864,0.047384
"Lysine",0.05279,-0.2504,0.010819,-0.1788,0.20947,-0.21095,-0.12868,-0.041814,-0.109,0.055907,0.042286,0.010285,0.06858,0.0076584,0.018219,-0.2388,0.0059593,-0.16151,-0.16833,-0.0659,-0.038416,0.058547,0.026381,0.024932,-0.050364,0.007213,-0.021501,-0.092557,0.030245,0.058929,-0.093516,-0.061714,0.045268,0.036185,-0.12499,0.01377,-0.018033,0.02397,-0.10098,0.013945,0.1336,-0.020554,0.0082052,0.13182,0.15732,0.047252,-3.8891e-05,-0.042264,0.11782,-0.012179,-0.033818,0.10375,0.0098747,0.025252,0.10798,0.051639,0.031134,-0.096272,-0.0067042,0.026805
"Maleic acid",-0.0094695,0.02061,0.017907,-0.11997,0.052466,0.047188,0.020994,-0.10572,0.11236,0.04719,0.11135,0.11642,0.0046699,-0.017611,-0.019023,0.099583,-0.11009,-0.074498,-0.10524,0.11381,-0.045321,-0.060051,0.068942,-0.13529,-0.058062,-0.030135,-0.04116,0.063782,-0.035656,0.17493,-0.17727,0.122,-0.25267,0.13492,-0.029765,0.037639,-0.062445,-0.12935,0.089327,-0.028262,0.047714,0.096479,0.047984,-0.19077,-0.088019,-0.14898,-0.055842,-0.18433,0.11195,0.05292,0.040518,-0.11903,-0.098834,0.064189,0.034603,0.041185,0.075179,0.040511,0.020044,0.024268
"Malic acid",-0.019512,0.024105,-0.0052186,0.027478,-0.002946,0.02136,0.014041,-0.074764,0.013533,0.016181,0.010749,0.021864,0.015373,0.015536,0.0292,-0.0042549,0.074033,0.0048079,-0.022561,-0.016952,-0.023225,-0.038967,-0.034118,-0.039905,-0.01961,-0.042575,-0.033666,-0.014985,0.026542,0.074998,0.0073682,-0.057355,-0.067691,0.039306,-0.037825,-0.034645,-0.014504,-0.08746,0.051741,0.038482,0.0059864,-0.12704,0.019315,-0.11063,-0.056951,-0.083231,0.0115,-0.05463,-0.13221,0.028702,-0.080119,0.074861,0.030065,0.22114,0.15097,0.030961,-0.11262,-0.061646,-0.0093775,-0.0053587
"Malonic acid",-0.084694,0.097625,-0.075535,0.0059708,0.11768,-0.070125,-0.077678,-0.048304,-0.088112,0.013336,0.061378,0.083156,-0.11697,0.054297,0.19748,-0.088044,0.082823,-0.0063864,-0.048086,0.16198,0.073228,0.22549,0.012743,0.01335,-0.058947,0.045327,-0.10565,-0.063629,-0.14527,-0.021312,6.883e-05,-0.16317,-0.11822,-0.10364,0.26217,0.018671,-0.045987,0.20267,0.070702,0.035545,-0.17651,-0.04422,-0.033279,0.13733,-0.12076,0.012073,-0.25434,-0.067392,-0.051515,0.081085,0.13668,0.021261,0.038963,-0.018697,0.057243,-0.15471,-0.072322,0.010422,-0.19615,-0.033315
"Methionine",0.08698,-0.14423,0.16996,0.0046844,0.040999,-0.075583,0.086385,0.082253,-0.037214,-0.1521,-0.12132,0.30874,0.1053,0.036498,0.01713,0.071088,0.08757,0.20711,0.11389,-0.069306,0.12467,-0.1209,-0.054346,-0.12258,0.11727,-0.020782,-0.078641,-0.018037,0.038066,0.097746,-0.003884,0.065943,-0.051061,-0.059823,-0.086186,0.13236,0.0182,0.074244,0.025512,0.063852,0.030171,0.092835,-0.077213,0.15339,-0.10153,-0.046111,-0.088194,0.040605,0.070565,0.096095,-0.013031,0.041428,-0.033883,-0.011568,0.11941,-0.09195,-0.04465,-0.074955,0.045481,-0.0082329
"Muconic acid",-0.038787,0.068291,-0.11517,0.026889,0.042553,0.050309,-0.060827,-0.01938,-0.067786,0.072785,0.029717,-0.13871,-0.17787,-0.11629,-0.0040845,0.03646,-0.037666,0.024345,-0.041919,0.019475,-0.018945,-0.040413,0.047522,0.099258,0.046769,-0.015868,0.024355,0.02223,0.11188,-0.091425,0.022126,-0.0072008,0.078774,0.20768,0.12272,0.05829,0.11194,0.072543,0.13384,-0.0078998,-0.09907,-0.089431,-0.013388,-0.028624,-0.049061,0.063593,-0.10394,-0.067121,-0.052584,0.0089055,-0.045768,0.048181,-0.090426,-0.052147,0.010057,-0.13259,-0.1425,-0.03872,0.047611,0.093928
"Myristoylcarnitine",-0.015285,0.041391,0.042728,0.047079,0.043059,-0.016662,0.038545,0.045499,-0.0039493,-0.010979,0.023535,0.037878,0.018195,-0.0075272,-0.0023237,0.018527,-0.065573,0.014309,-0.060658,0.088069,-0.048696,-0.033991,-0.091273,0.022803,0.14791,-0.072293,-0.0034104,0.027112,-0.053507,-0.093438,0.021016,0.0042008,-0.058227,0.095829,-0.043443,-0.032676,-0.17623,-0.012214,0.036554,0.037441,-0.1473,-0.032923,0.034403,-0.10376,-0.061598,0.14704,-0.034161,0.072296,0.029458,-0.063352,0.0098442,-0.0082881,0.22745,0.00063052,0.011446,0.061544,-0.12315,0.059322,-0.066206,0.0082453
"N-Acetyl galactosamine",0.011776,0.016511,0.011476,0.018744,-0.054466,-0.039883,0.02751,0.029441,-0.035336,0.015175,-0.0087642,-0.10016,0.061163,-0.0114,-0.0037455,0.098462,0.0094502,-0.036369,0.010789,-0.085538,0.01072,0.10707,0.024152,-0.012911,-0.098722,-0.035926,0.059775,-0.028632,-0.055033,-0.17215,0.023881,0.02885,-0.030877,0.010361,-0.032341,-0.021096,0.087748,-0.079756,0.067018,0.15719,0.059593,0.043841,0.11689,0.045687,-0.24734,-0.18587,-0.025935,-0.13277,-0.011203,-0.2193,-0.12956,0.10391,0.12676,-0.059986,0.12253,-0.14489,0.10099,0.22755,-0.044738,-0.030432
"N-Acetylglutamic acid",-0.0024918,0.0019231,0.035335,0.046724,-0.013208,-0.03295,0.0089812,-0.011705,0.012842,-0.011399,-0.058748,-0.011558,0.020385,0.018952,0.020754,-0.055722,0.0021803,0.10224,0.022067,0.12265,0.041721,-0.050877,-0.021873,0.03319,-0.016704,-0.048905,-0.049223,-0.022684,0.05565,-0.013458,-0.0061331,-0.10798,0.0084464,0.061257,0.020337,0.030195,0.040984,-0.10581,-0.085046,0.043589,0.078293,0.027418,0.084917,-0.13906,0.070469,-0.081907,-0.15231,0.074848,-0.041474,0.032532,0.074293,0.12714,-0.086215,-0.13662,-0.026411,-0.12146,0.12188,0.024623,-0.064379,0.091164
"N-Acetylneuraminic acid",0.011772,-0.0033845,0.035281,0.015765,-0.041991,-0.058577,-0.0097858,0.024151,-0.014171,0.04523,0.03779,0.00038921,0.071456,0.034376,0.012768,0.043605,0.065391,-0.059311,0.011355,-0.0096562,0.017361,-0.037678,0.0025221,-0.0031446,-0.050029,0.0070133,0.09012,0.010349,-0.019548,0.0042272,0.017194,-0.025267,0.014257,-0.020764,-0.0082587,0.050776,0.061938,-0.030926,0.010871,-0.0044355,0.1047,-0.013872,0.1337,0.018213,0.047665,-0.11215,0.030851,-0.026408,-0.12249,0.0034169,0.00023543,0.078921,-0.0097478,0.10106,-0.12461,-0.012245,-0.15242,-0.0049147,-0.019459,-0.021582
"N-Carbamoyl-aspartic acid",-0.015913,0.064907,0.0014402,0.053219,0.0045877,-0.010917,-0.060383,-0.023997,-0.001399,0.056185,0.032659,-0.063842,0.026936,-0.022067,-0.068936,-0.12184,-0.069756,0.012624,-0.037308,-0.043561,-0.01478,0.030933,0.09461,-0.02698,-0.053996,0.047954,-0.1123,0.060433,-0.087099,-0.025509,0.011115,-0.16711,-0.045923,0.055509,-0.079786,-0.069477,0.055872,0.050574,0.12673,-0.01018,0.29352,0.034052,0.049191,-0.053542,-0.099528,0.15839,0.0025121,0.12496,0.15249,-0.06552,0.0095304,0.13508,-0.092552,-0.097449,0.052805,0.128,0.041731,-0.010399,0.04683,-0.062283
"N-Carbamyl-glutamic acid",-0.078374,0.16774,-0.082155,0.015559,-0.10539,0.094286,-0.018491,-0.062119,0.062852,0.049464,0.10067,-0.072516,0.061667,0.0083563,-0.069295,-0.011654,-0.11358,-0.03235,-0.00096436,0.030008,-0.010306,-0.17443,0.15101,-0.13373,-0.1133,0.14857,-0.13421,-0.083571,-0.034555,-0.092558,0.054288,-0.056427,0.11193,0.05287,-0.093324,0.21429,0.25203,-0.13556,0.090715,-0.049139,-0.002678,0.070196,-0.26376,0.17933,0.037962,0.0097982,-0.29293,0.062229,0.12859,0.0050648,0.0044689,0.060567,0.076301,0.10054,0.028653,0.065441,0.0078259,0.0010644,-0.053513,0.12792
"N-Formyl-Tyrosine",-0.090498,0.20266,-0.14489,0.13261,0.16138,-0.012072,-0.22578,0.18019,-0.062647,-0.12722,0.022093,0.21999,0.01501,0.14919,-0.078292,-0.23648,-0.016395,-0.079174,-0.0093921,0.0031242,0.028829,0.071453,-0.17424,-0.015179,0.072795,-0.27089,0.098415,0.10264,0.17512,0.09708,0.059115,0.1234,0.038789,0.20864,-0.111,-0.053199,0.043498,0.0090067,0.10432,-0.13307,0.036011,0.0064586,0.1127,0.12581,-0.067119,0.061166,0.02203,-0.046329,-0.079665,-0.086301,-0.051852,-0.045467,-0.016291,0.08405,-0.078909,0.049709,-0.084177,-0.029701,-0.011377,0.026887
"Nicotinamide adenine dinucleotide",6.5581e-05,-0.13719,-0.18851,0.090723,-0.04685,0.074801,-0.062853,0.092865,-0.10018,0.092244,-0.0191,-0.084563,-0.108,0.097251,-0.14821,-0.065153,0.025386,-0.041164,-0.14466,0.15804,0.13654,-0.16248,0.0057596,-0.086162,-0.058622,-0.039097,-0.020801,-0.042039,-0.16034,0.016021,-0.1196,0.062676,-0.12892,-0.12372,0.01434,-0.10286,0.14112,-0.017793,-0.21506,0.066014,-0.14557,-0.01941,0.077266,-0.0028303,0.081216,-0.072204,-0.090706,0.05945,-0.15411,0.0081263,-0.045939,-0.028612,-0.034513,-0.0059386,0.073263,0.072002,-0.11772,0.082409,0.062144,-0.054322
"O-Phosphorylethanolamine",-0.014207,-0.014199,-0.13425,0.029237,-0.074719,0.042444,-0.031241,-0.053761,-0.06672,-0.027387,-0.049835,0.074228,-0.025485,0.13176,-0.013477,-0.029612,0.025793,0.070044,-0.08948,-0.16833,-0.035258,0.011585,0.041792,0.084652,-0.034014,-0.027969,0.031346,-0.06706,0.077929,0.064197,0.0032345,-0.01203,0.055615,-0.13081,0.076308,0.059156,0.056262,0.15151,-0.054774,-0.24063,0.051432,-0.052985,0.14324,0.084415,-0.19848,-0.091613,-0.06877,0.025358,0.015343,0.10204,0.15606,0.089693,0.037384,-0.14146,0.1255,0.0038922,-0.034607,-0.090043,0.17634,0.016138
"Octanoylcarnitine",-0.0031656,-0.001844,0.068752,0.17721,0.19734,-0.16776,0.077169,0.0324,-0.19083,0.079882,0.20322,-0.25765,0.011678,0.20833,0.16406,0.17018,-0.45509,0.036268,0.07703,-0.015999,0.02078,-0.064483,-0.0034978,0.06269,0.14126,0.037004,-0.017777,0.025635,-0.047037,0.0067306,0.13892,0.23069,-0.10462,-0.0066025,0.19867,-0.014637,-0.056736,-0.047785,-0.1087,-0.12824,-0.062361,-0.043331,-0.091673,0.024346,0.050094,0.039442,0.045593,0.051168,0.024129,0.00077748,-0.084978,0.09029,-0.019467,0.003546,0.035695,-0.030015,0.04591,-0.049616,0.13071,-0.041654
"Orotic acid",-5.3044e-05,0.054906,0.030933,0.047425,0.047316,0.039626,0.023536,-0.015823,0.015137,0.010646,-0.04868,-0.070585,0.012438,0.012116,0.031634,0.028441,0.0028548,0.070879,-0.064474,0.036101,-0.022947,-0.035563,0.022169,0.058014,0.02004,-0.035407,-0.019272,0.0476,-0.030067,-0.047,-0.04329,-0.078285,-0.0055913,0.020331,-0.016545,0.024296,-0.041097,-0.093562,0.015309,-0.0064286,0.0166,0.010907,0.11784,0.075046,-0.053699,0.036953,0.053355,-0.096327,-0.1055,0.089742,0.016294,0.029134,-0.044849,-0.034694,0.025642,-0.039005,0.16631,0.049661,0.035248,0.02561
"Oxamic acid",-0.0077371,0.025567,0.02851,0.028391,0.011285,0.012584,-0.060338,-0.028412,0.035248,0.0072937,0.0043898,0.073844,0.044764,-0.0036313,0.0068536,0.037178,0.005335,-0.035292,-0.029795,0.037327,-0.0063922,-0.039106,-0.062814,0.045466,-0.034677,0.018556,0.052036,0.024428,-0.069819,-0.035191,0.00045098,0.027713,-0.062935,-0.029757,-0.10063,-0.12632,-0.032582,0.022755,0.040471,0.18945,0.0091903,0.017496,0.057659,0.031022,0.13137,0.073188,0.064681,-0.1208,-0.080893,0.15871,0.12292,0.17937,-0.14892,0.081023,0.048936,-0.0085677,-0.040759,0.026657,0.075767,-0.03418
"Palmitoylcarnitine",0.00078205,0.018995,0.02668,0.022962,0.02432,0.0023487,0.019611,1.3557e-05,-0.028476,-0.00046073,0.026207,0.0051714,0.0011682,-0.00067696,-0.011725,0.060236,-0.038434,0.045538,0.001961,0.034642,-0.013913,-0.025719,-0.0036627,-0.030469,0.027752,0.0059092,0.015751,-0.0075822,0.00044742,0.00373,-0.0011615,0.0016326,0.0026397,0.001952,-0.017001,0.048092,0.0033079,-0.0042051,0.024812,-0.015161,-0.069173,0.067148,0.048383,-0.022661,-0.063274,0.079184,-0.061223,-0.086299,-0.048387,-0.042143,-0.039258,-0.022073,0.10805,-9.4688e-06,0.090444,0.16262,0.062015,-0.13521,-0.076304,-0.022024
"Pantothenic acid",0.0074457,0.010728,0.014249,0.032816,0.035792,0.03599,0.014225,-0.0040638,-0.031816,0.056699,0.0016573,0.076076,-0.07754,-0.013189,-0.0019745,0.015104,0.034776,0.071045,0.021468,-0.012707,-0.045606,-0.02769,-0.015175,-0.0166,0.096664,0.021825,-0.01558,0.15253,-0.033559,-0.044001,-0.0036126,0.069385,0.034214,-0.139,0.028671,0.064893,0.012375,-0.016968,0.022447,0.086043,0.03256,0.0022882,0.033844,-0.20142,-0.0080311,0.054067,-0.12924,-0.019391,0.046878,-0.04423,-0.15858,-0.0405,0.073385,-0.019643,-0.028133,-0.023453,0.014829,-0.036923,0.042766,0.011251
"Pentahydroxyhexanoic acid",0.0048547,0.054562,0.0069085,0.015565,-0.06054,-0.023611,0.017758,-0.052224,0.010485,0.049206,0.054039,-0.10639,0.063416,0.034413,-0.0074021,-0.041074,0.056888,-0.031292,-0.03871,0.026088,-0.10139,0.017004,0.0098702,0.026435,-0.026735,-0.03794,0.08505,-0.010489,-0.063788,0.066845,-0.01965,-0.0042644,0.035122,-0.13661,-0.026523,0.059325,-0.075062,0.060352,-0.10741,-0.018576,-0.0085241,-0.012011,0.14381,-0.0037825,-0.076468,-0.09517,-0.033694,0.0044054,0.021252,-0.085865,-0.011444,-0.018273,-0.1858,0.035999,-0.1268,0.031496,0.076877,0.021939,0.0092951,0.01014
"Pentose",0.002063,-0.0066459,0.021724,0.010447,0.0019995,-0.0066076,-0.0048222,0.005505,0.0061334,0.0034703,0.007703,0.0048435,0.0027854,0.031751,-0.0088053,-0.018834,-0.0036823,0.01027,-0.022015,0.022306,-0.025011,0.0052797,-0.026186,-0.013355,0.023698,0.015454,0.015691,-0.016135,-0.044811,0.042621,0.026942,-0.030683,-0.015042,-0.0091003,-0.015002,0.029567,0.069999,0.02907,-0.024817,0.0054953,-0.060253,-0.0108,-0.00029385,0.020528,0.01282,-0.01449,0.038876,-0.0013431,0.053669,0.012303,-0.089645,-0.032399,-0.065211,0.055106,-0.035167,-0.027915,0.037537,-0.056998,-0.028173,-0.19192
"Phenylalanine",-0.0029968,0.0090818,0.0018631,0.012113,-0.0037902,-0.0060109,0.019699,-0.010969,-0.0066084,0.0074877,-0.0065011,0.0057424,0.00099656,-0.01631,-0.0036463,-0.013268,-0.010867,0.0044576,0.037806,-0.039072,-0.0062541,-0.0060589,-0.033149,-0.033077,0.018425,-0.041281,-0.0363,0.0046503,0.0055698,-0.0086506,0.012264,0.011062,-0.017901,-0.037837,-0.012881,-0.012548,-0.00040115,-0.023126,0.0124,-0.022695,-0.046902,-0.023846,-0.026548,-0.057343,0.045556,0.040255,-0.02141,-0.10133,-0.0029125,0.020821,0.0016038,0.0038505,-0.020283,-0.039008,0.060896,0.016997,0.010859,-0.072793,0.077053,0.13484
"Phenylpyruvic acid",0.044979,-0.068342,0.00054143,0.039359,0.011656,0.028628,-0.019323,-0.012911,0.034892,-0.015546,0.027974,0.05381,0.010351,-0.042913,-0.020703,-0.022388,-0.01068,-0.038923,-0.0077789,-0.049232,0.0071799,0.007948,-0.012519,-0.026322,0.081541,-0.021263,0.033974,-0.0255,0.00086746,-0.029232,0.017764,0.016363,-0.00094029,0.080339,0.06736,-0.028432,-0.023918,-0.027681,-0.021658,-0.05542,-0.026613,-0.0008727,-0.077134,-0.043608,0.015089,-0.089838,-0.044291,-0.010497,0.099442,-0.14607,-0.049376,0.0041915,0.083025,-0.047861,-0.017717,0.075597,-0.22255,0.096212,0.1538,-0.01363
"Phosphoenolpyruvic acid",0.00032682,-0.00054341,-0.029573,0.030492,0.02838,0.021457,-0.10314,-0.0031714,-0.0071415,-0.049988,0.02511,-0.0063777,0.042925,0.0016124,0.025993,-0.0086491,-0.015908,-0.020182,-0.075064,-0.016541,0.019259,-0.061913,0.013576,-0.092241,-0.007878,0.05257,-0.038663,-0.029096,-0.081718,-0.056478,0.056587,0.026394,0.067942,-0.099535,-0.051838,0.12731,-0.071452,-0.030066,0.06133,0.011622,0.05936,-0.014314,-0.0015964,0.07701,-0.0023841,-0.015334,0.14246,-0.0055246,-0.065804,-0.1111,0.17265,-0.015682,-0.093247,0.13144,-0.10164,0.0025693,-0.032715,-0.0087389,0.11038,-0.058962
"Phosphoglyceric acid",-0.0036925,0.013455,-0.012211,0.019063,-0.0083036,0.020006,-0.012498,-0.0099529,-0.0019841,-0.0045432,0.011372,-0.00072568,-0.012276,-0.0077746,-0.012018,-0.0010336,-0.0013906,-0.0013417,0.0081427,-0.011516,-0.012993,-0.0046496,-0.017297,-0.0066759,0.0087183,0.0019264,-0.025978,0.01816,-0.013324,-0.031643,-0.035505,0.050577,0.01545,-0.013528,-0.0086538,0.011319,-0.013578,0.023876,0.021901,-0.020419,-0.0074528,0.032075,-0.017762,0.0024597,0.014542,-0.051389,-0.032531,-0.051051,0.017711,-0.05598,-0.011641,-0.027388,0.047555,0.084694,-0.016109,-0.059827,0.042913,-0.012158,-0.029171,-0.049297
"Prephenic acid",0.044612,-0.12539,-0.042288,0.050335,0.0023108,0.092451,0.019726,-0.084791,0.035172,-0.021634,0.066009,-0.0019926,-0.014213,-0.0031574,-0.022467,0.050722,0.035521,0.049441,-0.093003,-0.061564,0.07046,-0.0014764,0.012037,-0.029032,-0.025505,0.0014677,-0.049906,0.094103,-0.025101,-0.069214,-0.012274,0.00029839,0.072124,-0.080627,-0.089477,-0.062386,-0.041402,0.029795,-0.012977,0.047946,0.035428,0.028741,0.056415,-0.014922,0.19286,0.04592,-0.029423,-0.097063,-0.057266,-0.1358,0.0031536,-0.10949,-0.092057,-0.14528,0.13461,0.0077528,0.080193,-0.013333,0.086568,0.026535
"Proline",0.0088425,-7.7257e-05,0.019068,0.028477,-0.019765,0.024358,0.017543,-0.0077807,-0.01002,0.026552,-0.02504,-0.025306,0.052849,-0.03876,0.030172,-0.0024049,-0.0016678,0.011162,0.018241,0.017305,0.01776,-0.030769,-0.020975,-0.0069172,-0.059304,0.0085932,-0.045372,-0.090154,0.051236,0.028005,-0.024785,-0.0015029,0.025938,-0.017963,-0.033823,0.035895,0.073706,0.052097,0.024649,0.01197,-0.048905,-0.010945,-0.023425,-0.034931,0.11177,0.078176,-0.0048688,-0.080156,-0.051285,0.0073599,-0.11955,-0.16824,-0.10646,0.035366,0.12423,-0.16602,-0.027284,-0.0060029,-0.049951,-0.020762
"Propionylcarnitine",0.089132,-0.12034,-0.21984,0.010358,0.058593,-0.31861,0.16587,0.138,0.067073,-0.53895,0.054737,-0.20555,-0.04852,-0.27479,-0.045679,0.058296,-0.12255,0.023019,-0.07414,0.15132,-0.030727,-0.0075008,0.13493,0.044583,-0.13436,0.025081,0.088084,-0.068309,0.057395,0.11428,-0.0029473,-0.023971,-0.042544,0.032231,-0.052667,-0.071054,0.11676,-0.024696,0.066912,0.0045359,0.014452,0.050371,0.15161,0.009987,-0.048554,0.078669,-0.084797,-0.037632,-0.085274,0.018407,-0.0076126,-0.13019,0.051375,0.040915,-0.016847,0.050536,-0.010122,-0.070372,-0.0056288,-0.031393
"Pyridinedicarboxylic acid",-0.88753,-0.34525,0.16642,0.10451,0.0074445,0.061971,0.061817,0.053995,-0.013462,-0.043477,0.018275,-0.054434,0.019834,-0.084173,-0.039402,-0.012184,-0.00075279,0.014161,-0.0057055,-0.033556,-0.042834,0.063036,-0.015321,-0.012104,-0.029021,0.0002034,0.025584,0.011333,0.022036,-0.0077087,-0.015477,-0.015604,-0.007773,-0.010432,-0.025011,-0.00023195,-0.0088419,-0.01202,-0.00071435,-0.029881,0.039258,-0.0016194,-0.026451,0.022933,-0.0038772,-0.019597,-0.018987,-0.023971,-0.025286,0.021789,-0.0093374,-0.037075,-0.0014606,0.0040019,-0.038221,0.00535,0.010248,0.0029301,0.011322,-0.019315
"Pyridoxal 5 phosphate",0.0027642,0.0059982,0.024029,-0.056975,0.034014,0.10159,-0.029024,0.069112,-0.048826,-0.043793,0.033332,0.037586,-0.053519,-0.023752,0.010617,-0.026481,-0.14201,-0.031552,-0.026454,0.018877,-0.025174,-0.027342,0.057315,0.038829,-0.0092741,-0.030378,-0.086802,-0.0094963,0.04143,0.016777,-0.052536,0.13067,0.21618,-0.10946,0.10085,-0.041236,-0.062087,0.039214,0.040851,0.055329,0.019015,-0.030063,-0.085281,-0.06779,-0.024209,0.089424,-0.056238,0.029045,-0.14218,-0.027889,-0.056568,-0.049,-0.2407,0.20861,0.011464,0.097672,-0.11635,0.081741,-0.16003,-0.06765
"Pyridoxal hydrochloride",0.071954,-0.022291,0.15388,-0.23251,-0.036804,0.33918,-0.048835,0.23484,-0.20624,-0.11905,-0.038645,-0.087973,-0.073016,-0.073749,0.0042528,-0.10432,-0.11286,0.12028,-0.028362,-0.008163,0.0078778,0.0051342,-0.11962,-0.067543,0.04279,0.034458,0.011158,-0.051472,-0.13597,0.14305,0.11772,-0.016807,0.053812,0.051203,-0.07011,-0.040119,-0.069161,-0.1777,0.095641,-0.18592,0.10829,-0.050496,0.13576,-0.043797,-0.00034439,-0.060234,-0.032542,-0.022663,-0.1648,0.004591,-0.036809,0.040531,0.076346,-0.1592,0.056656,-0.18475,0.11006,-0.04293,0.023354,0.0014999
"Pyridoxic acid",0.084929,-0.010166,0.19882,-0.32905,-0.063489,0.31337,-0.13029,0.25355,-0.28548,-0.11207,0.091383,-0.095957,0.047011,-0.075702,-0.024861,-0.1111,-0.071446,-0.016339,0.1213,0.0069444,-0.096198,0.029961,0.071409,0.027093,-0.072627,0.092813,-0.023056,0.11978,0.099002,-0.12386,-0.0038232,-0.14382,-0.22682,-0.057108,0.015384,-0.02609,0.069479,0.045644,-0.058915,0.041471,-0.099265,-0.049969,-0.089033,-0.023644,-0.080099,-0.014278,0.021719,0.014308,0.066305,0.029422,0.074341,0.0075953,-0.018689,0.095347,-0.097723,0.15251,-0.069373,0.0012947,0.038666,-0.048837
"Pyruvic acid",0.10217,-0.25331,-0.12589,0.054219,-0.085637,0.12747,0.029404,-0.092354,0.024682,0.025529,0.040139,-0.011695,0.029756,-0.055831,-0.031452,0.022669,0.082666,-0.061252,-0.015201,-0.0022241,0.01723,0.043858,0.043364,0.077776,-0.0030048,-0.099284,-0.10581,-0.012649,0.11348,0.092515,0.0037339,-0.0019352,0.088357,-0.06931,0.068699,-0.057173,-0.066053,-0.017407,-0.0188,-0.11215,-0.03004,-0.063862,-0.038655,-0.10589,-0.09825,-0.018094,-0.033561,-0.063129,0.019264,0.035611,-0.056973,0.035481,-0.075253,0.085271,-0.09202,-0.10004,-0.060869,0.042529,0.073973,-0.042797
"Quinic acid",-0.029527,-0.032667,0.093009,-0.22581,-0.21325,-0.10279,-0.076773,-0.06176,0.30594,0.034847,0.2266,0.029302,0.16899,-0.032884,-0.0080617,0.060085,-0.16922,0.11538,-0.14102,-0.060475,0.019314,-0.10382,-0.037269,0.11013,0.0051453,-0.20884,0.12109,0.0086359,-0.088777,-0.04536,0.20336,-0.1896,0.11726,-0.027932,0.068037,0.10163,-0.087516,0.029162,0.073385,0.0060764,-0.016808,-0.024821,0.0074587,-0.10643,-0.10438,0.0030757,-0.0079536,0.038716,-0.031074,-0.0085662,-0.0024495,-0.14018,-0.034361,-0.0097083,-0.012063,0.099376,-0.1088,0.016054,-0.058679,0.054526
"Riboflavin",0.013354,0.0018867,0.041469,-0.03921,-0.01832,0.0078603,-0.13733,0.1089,0.0068787,0.20622,0.13614,0.12866,-0.10783,-0.12894,0.054115,0.16154,0.046017,0.22061,0.25684,-0.17928,-0.16186,0.060681,0.25627,0.20806,-0.1538,-0.28596,0.043481,-0.29473,0.038855,-0.043873,-0.1657,0.16051,-0.034498,0.035031,0.0018091,0.0021241,0.12209,0.017122,-0.077674,-0.081928,0.0040344,-0.078604,0.079306,0.075432,0.039637,0.0044562,0.019419,-0.080716,0.036313,0.0097451,0.083869,-0.030221,0.090337,0.054954,0.0048574,0.059964,0.058053,-0.026155,-0.036549,-0.089606
"S-Adenosyl-homocysteine",0.054522,-0.023322,-0.012762,0.1139,-0.082227,-0.16925,0.028908,-0.046359,-0.057132,0.021392,0.018789,0.016945,0.13371,0.046797,0.053177,0.038075,0.16232,-0.0022795,0.00090355,-0.041043,-0.0099753,0.14416,-0.23848,0.055973,-0.22295,-0.030303,-0.043981,0.14432,-0.043783,-0.15677,-0.038955,-0.089045,-0.14864,0.20424,0.055035,0.12244,0.051776,-0.19135,-0.050848,-0.23199,0.031859,-0.1363,-0.091473,-0.08185,-0.0752,0.0063418,0.1126,0.0014352,-0.10515,0.14064,0.049525,-0.13723,-0.034457,-0.057752,0.011083,0.1199,0.036434,0.087726,0.042397,-0.060889
"Salicylic acid",-0.050994,0.0038027,0.11565,-0.13283,-0.22005,-0.25719,-0.41446,-0.33996,-0.16538,-0.052226,-0.15506,-0.24993,-0.30716,-0.028222,-0.074366,0.1402,-0.034922,0.0076735,0.069205,-0.10638,0.19272,-0.0072397,-0.12427,-0.09633,0.1701,-0.017689,0.066223,0.013069,0.10401,0.18781,-0.13795,-0.019601,-0.088292,-0.026898,-0.09637,0.028442,-0.0552,-0.02665,-0.037307,0.012183,-0.011436,0.053613,-0.06767,0.015266,-0.039235,0.073475,-0.0036171,-0.059652,0.0064354,-0.042292,0.10248,-0.0017363,0.067379,0.0062521,-0.00074841,0.051037,-0.018262,0.011225,-0.055707,0.020027
"Sedoheptulose-7-phosphate",-0.10878,0.094363,-0.0063444,-0.16287,-0.049402,-0.052096,0.065076,-0.058666,-0.038564,-0.091916,-0.16211,0.20969,-0.16595,0.06884,0.01787,0.04551,0.12388,0.20152,-0.028178,0.025212,0.12936,0.086611,0.20731,0.20819,0.034076,0.088197,-0.071619,0.011782,0.045857,-0.020893,0.14356,0.19117,-0.030843,-0.098758,-0.12483,0.019069,0.042193,-0.26689,-0.1609,0.11406,-0.061287,-0.064187,0.019237,-0.069182,-0.10896,0.08605,-0.018683,0.043132,0.010714,0.040749,-0.12219,-0.023441,-0.077413,0.078083,-0.029485,0.056668,0.0041541,-0.029948,0.16165,0.013829
"Serine",-0.017844,0.0030938,-0.015266,0.012587,0.022743,0.010806,0.0043637,0.011149,0.0194,-0.0063004,-0.020825,0.0018595,0.010133,0.0055861,-0.026497,0.0011248,-0.012153,0.032461,-0.012493,-0.030107,-0.044851,-0.0014222,0.054213,0.031145,0.0017941,0.007354,-0.017095,-0.02636,-0.04914,0.028487,-0.049177,-0.016004,0.028011,0.061556,-0.014789,0.058383,-0.044069,0.0077681,-0.05082,0.0025861,-0.0014969,-0.066812,-0.061016,0.013052,-0.039739,-0.032724,0.070877,0.039992,-0.092889,-0.12345,0.13261,-0.01997,-0.052737,-0.012499,0.084615,0.013697,0.023221,0.058313,-0.034375,0.30518
"Succinic acid",-0.036044,0.098384,0.00021182,0.055838,-0.035224,-0.013585,-0.048639,-0.014895,-0.01907,-0.039559,0.0043275,0.04408,0.025598,-0.034803,0.035328,0.0084872,0.032604,0.083663,-0.03754,-0.030986,0.0089809,-0.07191,0.04015,-0.045729,0.017674,0.022609,-0.047479,-0.0072324,-0.016369,-0.0082645,0.049059,-0.052333,-0.12795,-0.054987,0.0076826,-0.017932,0.075217,-0.049008,0.10233,-0.1465,-0.078673,0.051658,-0.0046,0.042646,0.073331,0.0025037,0.10293,0.055866,-0.065841,0.023424,0.080878,-0.010917,0.031729,0.16626,0.016658,-0.099837,0.063703,0.11258,-0.12351,-0.013967
"Taurine",-0.0038383,0.0034,-0.037986,0.018643,-0.063171,0.002146,-0.03433,-0.015162,-0.03191,0.026306,0.042283,0.022829,-0.013775,-0.040082,-0.039267,0.017977,0.035599,0.02757,-0.048847,-0.0053159,-0.012444,-0.031972,-0.057005,0.015527,-0.04169,-0.055738,0.057039,0.084841,-0.010037,-0.03558,0.011808,0.04486,-0.005053,-0.029905,-0.007004,-0.072203,-0.10581,-0.014709,0.030844,0.073426,-0.07945,0.0052411,0.0022044,0.036331,-0.048126,0.034263,-0.098183,0.054376,0.09811,-0.10972,-0.018934,0.076958,-0.023377,-0.10343,-0.12798,-0.074466,0.10524,0.075268,0.059202,-0.12906
"Taurocholic acid",0.0012972,0.061545,0.056852,0.0739,0.024817,0.056907,0.027034,0.0024757,0.010504,-0.03599,-0.022547,-0.0090314,-0.0090696,0.024229,0.056583,-0.10888,-0.066724,-0.0058602,-0.01812,-0.091609,-0.065696,0.14693,-0.021622,0.00626,-0.025904,-0.11763,-0.0082899,-0.012315,-0.10524,0.039686,-0.072086,-0.010703,0.019457,0.029003,-0.063193,0.12049,0.032471,-0.061874,-0.1462,0.051928,0.02472,-0.00042161,-0.062786,-0.057915,-0.048941,0.13113,-0.044253,-0.06009,-0.092501,-0.044018,0.0079619,-0.011473,0.0040946,0.037695,0.21211,0.19139,0.00069296,0.10705,-0.024145,0.031354
"Threonine",0.0089719,-0.0019337,-0.019948,-0.0069206,-5.4812e-05,0.0010789,0.033845,0.0035638,0.00075838,-0.0037956,-0.029725,-0.020638,0.028642,-0.0031541,-0.043787,0.0075394,0.034327,0.0079307,0.050224,0.0029167,-0.0032504,0.02773,0.017918,0.034191,-0.033121,-0.00079617,-0.045905,0.0026932,-0.0073983,0.016526,-0.024723,0.0094912,-0.0063984,0.037674,0.0012922,0.048858,-0.0072704,0.013434,-0.013564,-0.0089609,-0.015478,0.048982,-0.025957,0.022919,-0.019388,-0.017403,0.038058,0.10158,0.0022233,0.06652,0.084559,-0.069305,0.06171,-0.13492,0.042119,0.033759,-0.16042,-0.19248,-0.060251,-0.20248
"Thymine",0.023495,0.043091,0.064358,-0.017831,0.13193,0.059077,0.017626,0.0085375,0.016225,-0.039972,-0.0075893,-0.057021,0.083628,0.012468,-0.019093,-0.015339,0.094832,-0.039016,-0.0045931,0.0274,0.15482,-0.16044,-0.072419,0.12696,-0.053668,-0.063816,-0.089287,-0.20863,-0.059406,0.092664,-0.057259,-0.02897,-0.021009,-0.047278,-0.17917,-0.0090707,-0.20093,-0.087255,-0.094153,-0.049648,-0.095234,-0.12919,-0.10125,0.099471,-0.012879,0.078233,0.053104,0.0011058,0.1158,-0.0071827,-0.15446,-0.090389,0.00465,-0.10386,-0.061669,0.025877,-0.061505,0.10071,-0.033263,0.0043342
"Tryptophan",-0.0021617,0.00014223,-0.016346,0.022425,-0.0037651,0.038756,0.0011395,0.02419,0.016145,-0.033563,0.013099,0.032428,0.010375,-0.036638,0.020353,-0.040483,-0.0094626,-0.015,-0.0028541,-0.052364,0.002711,0.034344,-0.02652,-0.039066,0.0087797,0.024624,0.011023,-0.0013787,-0.062508,-0.0049174,0.02713,0.084495,-0.059671,0.010401,0.01929,-0.012264,0.017846,0.031384,0.0052489,-0.037682,-0.10014,0.10552,0.077654,-0.13068,0.18493,-0.048097,-0.14506,0.063639,0.074949,0.067643,-0.054277,0.038139,0.087546,-0.042523,0.099177,-0.043396,0.02461,-0.095613,0.01832,0.17726
"Tyrosine",-0.00055774,0.012487,-0.0053801,0.029105,-0.0017585,0.019103,0.020265,0.0058785,-0.015005,-0.025152,-0.022723,0.00041102,0.015084,0.027549,0.012829,-0.070318,-0.027548,0.014019,0.054955,0.010668,0.022013,0.092747,-0.0060005,0.0040059,0.0099977,-0.075412,-0.053018,-0.0013923,0.08557,0.013562,-0.026837,0.025321,-0.0061932,0.078784,-0.043087,0.085887,-0.0099983,0.0097041,0.072944,0.0016385,-0.099499,-0.0096279,-0.021118,-0.080933,-0.0081326,0.031987,-0.17461,0.062203,-0.066263,0.10748,0.1377,-0.0028626,-0.027839,-0.15943,-0.047637,-0.029085,-0.013599,-0.051538,0.087356,-0.018711
"Uracil",0.00066034,0.014509,-0.029418,0.041813,-0.0031865,-0.0038248,-0.012257,0.035879,0.037645,0.042071,-0.0159,-0.0042185,-0.029511,-0.0025469,0.027944,0.031982,-0.022899,-0.053644,0.098046,-0.01694,0.0075844,-0.019474,-0.033248,0.051199,-0.16299,0.017324,0.045766,-0.0026564,-0.064975,-0.029076,-0.099478,-0.13519,0.0014839,0.079616,0.10967,0.077206,-0.056783,0.01415,-0.12941,-0.014282,0.040854,0.17911,-0.015245,-0.021574,-0.063609,0.27432,0.017791,0.063547,0.03044,-0.015718,0.11177,-0.19885,-0.10279,0.087611,-0.040103,-0.31669,-0.11077,-0.19555,0.22082,-0.028352
"Uric acid",0.012123,0.031302,0.034339,0.067172,-0.050043,-0.035184,-0.014021,0.020042,-0.083743,0.032467,-0.004472,-0.043253,0.016816,-0.039537,2.7556e-05,-0.027525,0.040611,-0.041315,-0.003408,-9.3783e-05,0.018259,-0.032808,0.03656,0.081128,-0.037977,0.047763,0.11978,0.079396,0.052472,-0.11011,0.098024,0.061981,0.087896,-0.0088343,-0.14367,-0.026908,-0.090459,-0.02309,0.12611,0.23502,-0.013981,-0.095352,-0.0061491,0.17987,-0.059614,0.00902,0.048919,0.039892,-0.03022,-0.038316,0.05689,0.028298,-0.066799,-0.019086,0.10984,-0.086495,-0.095356,0.12781,-0.021263,-0.14728
"Uridine",-0.02384,0.019984,-0.046816,0.025024,-0.027711,0.01259,-0.00043471,0.0091121,-0.0099061,-0.036559,0.070303,0.0053978,-0.042846,0.021827,-0.085643,0.032225,-0.034474,-0.059605,0.10282,-0.13024,-0.013365,-0.0068746,0.018886,0.103,-0.012997,0.10338,-0.038897,-0.043252,0.038969,0.0067406,-0.10588,-0.25289,-0.15179,-0.053668,0.020676,-0.21959,0.032481,0.13918,-0.039028,0.040702,0.048805,-0.11455,0.096329,-0.088281,-0.016209,-0.050414,-0.038879,0.14672,0.053382,0.041715,-0.026166,0.047032,0.03126,0.068796,-0.07015,-0.046628,-0.014871,0.012989,0.016361,0.17271
"Uridine diphosphohexose",0.00095381,-0.01962,-0.06373,0.016395,-0.093972,0.048429,-0.04533,-0.04648,-0.10575,0.022573,-0.038841,0.11653,0.059344,-0.075377,0.043862,0.052065,-0.013429,-0.010376,-0.017175,-0.070875,0.12248,0.027734,0.024188,-0.30144,-0.11242,-0.026013,-0.023297,-0.031931,0.030644,-0.1829,0.013851,0.058538,0.014535,0.25439,0.15879,-0.21799,-0.13342,0.11636,-0.089418,0.26572,0.074464,0.016976,-0.0027108,-0.017721,-0.026338,-0.11931,0.003235,0.15184,-0.1095,0.070906,-0.065471,-0.19912,0.13552,0.055978,0.053484,0.087238,0.16753,-0.094248,0.093238,-0.058619
"Uridine monophosphate",-0.0085852,0.023884,-0.026786,0.040032,-0.033032,0.024945,-0.027785,-0.028634,-0.054798,-0.014779,0.023021,0.050117,-0.0082016,0.0021792,0.10558,0.056842,0.02921,-0.056238,-0.0071647,-0.0049588,0.051465,0.01074,0.088586,0.02764,-0.048136,-0.03284,0.089373,0.046645,0.036462,0.0045914,-0.018067,0.0017054,0.035726,0.16098,-0.068284,-0.067506,-0.010585,-0.055765,0.12163,-0.009251,-0.044831,-0.11942,0.087187,0.027322,0.056663,0.13265,0.13725,0.026577,0.024309,0.06894,-0.04118,0.10385,0.15227,0.01559,-0.16677,-0.0037102,0.040875,0.017689,-0.041886,0.14908
"Valine",0.0028174,-0.0039431,-0.01017,0.0072256,-0.011983,-0.0072367,-0.028447,-0.0017924,0.0071149,-0.0064093,0.028471,0.050586,-0.035311,0.023164,0.011636,-0.0041857,0.0043265,-0.0010291,0.0039801,-0.0099999,0.0060805,-0.021089,-0.020816,-0.045025,-0.023057,-0.02455,-0.032885,0.042588,-0.011367,0.010559,0.058349,-0.035015,0.050947,-0.021355,0.0077204,0.028711,0.090822,-0.045792,0.011173,0.084621,-0.087816,0.024959,0.015475,-0.076121,0.035359,0.030856,-0.050307,-0.010771,-0.00090985,0.022501,0.04112,-0.029933,-0.010805,0.048308,-0.057243,0.043866,0.027727,-0.013916,-0.05315,0.13998
"Vanillic acid",-0.004013,-0.0057941,0.015732,-0.017956,-0.2439,0.0013563,0.042945,-0.023321,0.13947,0.025748,-0.10147,0.091887,0.17557,-0.23003,0.13472,-0.31227,-0.28346,-0.10678,0.069816,-0.14227,0.36314,0.12244,-0.11267,0.23486,0.016733,0.060924,-0.10561,-0.015902,-0.074639,0.1481,-0.090827,0.26034,-0.042295,0.05766,0.10507,-0.032473,0.11948,0.01663,0.073268,0.077742,0.010323,-0.055059,-0.03328,-0.01135,0.055522,-0.00012993,0.037779,0.037892,-0.0055396,-0.045868,0.07764,-0.0038497,0.014102,-0.0060883,-0.056014,-0.038892,-0.018209,0.050907,-0.040489,-0.0058811
"Xanthine",-0.047516,0.056641,0.010648,-0.029103,0.061965,7.1005e-05,0.039822,-0.050239,-0.016731,-0.076942,-0.0033574,0.038809,-0.082158,0.022372,-0.047966,-0.014892,0.012327,-0.043685,-0.0014048,-0.02868,0.076246,-0.10931,0.069366,0.057772,-0.0049113,-0.0053011,-0.07829,-0.048154,-0.026413,0.037241,0.018496,-0.014832,-0.033413,0.05034,0.097072,-0.017277,0.016257,0.14049,-0.0022694,0.024814,-0.014189,-0.048373,0.032002,-0.017495,0.012923,-0.040667,0.022408,0.11724,0.073256,0.065232,0.017262,-0.18158,-0.05868,-0.33036,-0.03481,-0.036726,0.062365,0.22987,-0.10481,-0.043568
"Xanthosine",-0.0054091,0.039928,0.052655,-0.0025192,0.073709,-0.065337,0.12635,-0.056098,-0.05787,-0.06895,0.024399,-0.043978,-0.0364,-0.0026105,-0.12426,-0.026591,0.0012966,-0.091096,0.066398,0.0657,0.11978,0.011195,-0.062288,0.15818,-0.021181,-0.11467,-0.019798,0.025965,0.085374,-0.069088,0.16145,-0.022328,0.13324,-0.15336,-0.08322,0.035894,-0.027669,0.13639,-0.063007,0.061639,-0.04412,-0.089702,0.064511,-0.073542,-0.08365,-0.17963,0.12049,0.058774,0.078782,0.16238,-0.076739,0.013318,0.023358,0.014291,0.039594,-0.0029428,0.099347,-0.038319,-0.085734,0.032272
"Xylitol",0.023151,0.025567,0.066124,-0.014171,-0.11385,-0.03917,0.12809,0.0042578,-0.045172,0.022146,-0.0014245,-0.019755,-0.043834,-0.041888,-0.061005,-0.018802,0.023321,-0.010957,0.053356,0.12376,0.011452,0.088194,0.01605,-0.051431,0.036254,-0.027248,0.10167,-0.012985,0.096516,-0.056717,0.016045,-0.0067211,-0.0060471,-0.0070981,0.020237,0.020324,-0.047404,0.071402,0.035931,0.002946,-0.092592,0.12098,-1.9447e-05,0.11135,-0.0088588,0.01801,-0.048918,0.032025,-0.020925,0.0021188,-0.01126,0.041271,-0.23775,0.081395,-0.010637,0.18844,-0.012721,0.11644,0.20282,0.052879
"Xylulose 5-phosphate",0.07919,-0.14756,0.080395,0.14629,0.12875,0.053406,0.036449,0.073304,0.1079,0.015916,0.14339,0.080382,-0.14118,0.065888,-0.14684,-0.10097,0.061466,-0.00537,0.060196,-0.24076,0.0086154,-0.16021,-0.030124,0.069641,0.050178,0.12529,0.097626,0.20632,-0.03896,0.00039077,-0.2127,0.049291,0.16648,-0.081255,-0.036672,-0.070596,0.011592,-0.0082374,0.10916,-0.020229,-0.099768,0.061407,-0.090163,-0.090501,-0.16168,0.21203,-0.042721,0.057053,-0.11296,0.23679,0.035316,0.049694,0.13697,0.049614,-0.032065,-0.0057819,0.050958,0.11138,-0.077698,0.0060793
